"","Province","Region","W 1","W 2","W 3","W 4","W 5","W 6","W 7","W 8","W 9","W 10","W 11","W 12","W 13","W 14","W 15","W 16","W 17","W 18","W 19","W 20","W 21","W 22","W 23","W 24","W 25","W 26","W 27","W 28","W 29","W 30","W 31","W 32","W 33","W 34","W 35","W 36","W 37","W 38","W 39","W 40","W 41","W 42","W 43","W 44","W 45","W 46","W 47","W 48","W 49","W 50","W 51","W 52","W 53","W 54","W 55","W 56","W 57","W 58","W 59","W 60","W 61","W 62","W 63","W 64","W 65","W 66","W 67","W 68","W 69","W 70","W 71","W 72","W 73","W 74","W 75","W 76","W 77","W 78","W 79","W 80","W 81","W 82","W 83","W 84","W 85","W 86","W 87","W 88","W 89","W 90","W 91","W 92","W 93","W 94","W 95","W 96","W 97","W 98","W 99","W 100","W 101","W 102","W 103","W 104"
"1","ADAMAOUA","BANKIM",19,47,55,6,59,64,84,62,87,90,96,101,38,73,184,232,71,133,136,151,161,212,232,223,216,105,178,86,262,53,116,90,103,45,15,16,97,49,28,50,55,63,33,66,94,129,85,218,58,61,NA,NA,46,57,89,110,NA,25,23,47,24,46,67,49,47,91,60,54,206,181,85,34,246,94,17,129,183,84,62,139,99,153,132,126,129,44,46,79,129,24,38,64,141,39,71,167,229,210,110,133,133,106,101,71
"2","ADAMAOUA","BANYO",92,73,38,36,104,32,43,143,58,0,116,NA,102,122,160,15,125,NA,42,NA,166,21,16,58,48,75,NA,33,51,57,31,101,49,NA,68,29,15,54,22,31,0,121,188,76,89,128,39,1,0,18,63,NA,32,28,45,107,66,77,72,164,49,73,164,217,99,107,137,260,308,356,154,165,165,242,130,170,92,131,56,68,82,80,198,76,124,118,123,50,74,NA,113,112,75,137,220,228,148,331,118,145,120,68,59,66
"3","ADAMAOUA","DJOHONG",NA,0,97,23,83,85,24,88,60,22,0,11,7,66,126,66,6,91,53,88,74,63,154,55,46,44,112,67,81,71,62,68,63,59,45,60,58,67,71,99,95,124,116,193,171,153,58,154,94,45,70,11,17,38,47,87,44,41,24,49,61,32,71,86,88,33,44,83,122,101,318,53,116,133,112,84,85,69,NA,27,50,53,97,90,79,26,42,13,NA,13,NA,36,55,78,92,95,71,53,44,33,35,29,37,21
"4","ADAMAOUA","MEIGANGA",24,32,32,12,NA,25,15,45,56,24,18,56,32,25,30,40,29,29,58,30,52,139,42,90,60,38,22,20,26,0,114,7,0,20,33,43,78,30,114,24,71,54,42,16,106,64,70,41,22,68,13,30,23,35,75,50,64,28,0,34,18,27,65,19,22,25,70,108,101,200,99,206,275,203,96,245,210,197,203,78,100,113,137,236,142,206,146,130,45,107,81,206,178,208,256,471,346,534,212,232,304,317,225,180
"5","ADAMAOUA","NGAOUNDAL",NA,110,86,108,84,78,40,108,150,1,89,83,20,14,118,97,188,16,141,147,34,189,123,250,187,65,257,138,201,14,113,174,127,NA,232,239,NA,23,126,60,132,40,212,206,210,153,170,0,79,200,131,NA,111,90,11,122,NA,160,143,137,150,139,180,163,199,182,146,166,282,361,19,392,380,339,324,453,356,271,306,364,184,236,249,301,305,427,267,295,189,217,250,307,243,306,374,350,376,355,368,388,353,219,235,63
"6","ADAMAOUA","NGAOUNDERE RURAL",379,377,367,318,346,251,282,383,322,268,250,330,318,308,288,375,404,374,545,310,605,165,573,659,609,569,485,567,475,285,436,476,453,405,319,343,399,485,551,580,745,669,760,793,593,655,667,616,535,641,450,348,373,343,345,407,315,254,269,278,321,379,518,528,484,548,539,720,824,769,722,869,783,689,733,948,849,684,573,529,542,455,344,473,450,496,496,514,491,525,592,624,611,938,986,582,1059,1075,669,416,487,455,404,255
"7","ADAMAOUA","NGAOUNDERE URBAIN",509,533,613,552,524,443,473,508,477,537,518,527,388,385,498,363,484,439,475,307,579,511,412,610,628,482,576,545,584,472,486,478,576,669,475,452,585,695,577,532,638,840,797,881,837,794,635,666,450,398,441,232,329,436,432,449,444,490,499,525,462,453,543,442,423,528,476,579,656,585,596,534,507,623,580,601,597,591,504,669,529,533,532,559,500,426,496,451,396,645,551,623,528,659,1011,917,939,687,316,499,411,523,329,288
"8","ADAMAOUA","TIBATI",NA,82,58,59,76,82,50,66,44,36,55,38,78,80,112,96,110,74,117,81,68,535,63,139,95,103,158,84,85,30,89,70,52,71,151,116,102,80,215,59,64,132,150,191,146,196,136,0,151,155,164,NA,NA,37,45,71,123,65,335,99,109,119,188,213,262,121,153,190,258,357,337,316,291,229,130,99,163,173,107,89,82,169,174,144,103,91,100,145,99,66,62,56,97,197,250,185,NA,302,220,219,137,106,104,33
"9","ADAMAOUA","TIGNERE",NA,86,168,153,76,131,157,262,271,0,238,190,162,239,180,137,237,288,238,102,254,218,173,192,251,215,147,170,147,115,167,172,80,187,110,181,186,156,164,189,304,269,465,334,400,248,349,376,247,217,183,130,107,98,100,128,123,109,119,157,154,142,213,239,303,212,293,289,361,496,250,332,491,331,228,133,389,265,160,141,164,154,253,410,291,248,163,248,242,151,107,264,180,180,389,337,293,308,105,246,182,128,185,103
"10","CENTRE","AKONOLINGA",9,16,13,16,10,7,18,8,15,2,9,17,16,24,18,12,25,13,10,29,28,31,15,17,0,29,65,51,42,34,81,37,40,31,91,29,79,42,40,65,60,46,43,43,55,84,67,34,79,0,45,NA,46,61,62,46,63,108,104,38,4,42,74,81,41,66,60,121,128,127,140,220,141,111,90,122,144,130,157,127,93,134,95,73,48,90,149,61,101,64,135,143,74,69,110,40,67,66,72,67,122,150,94,64
"11","CENTRE","AWAE",7,2,16,29,24,13,21,19,8,30,17,33,27,33,30,45,64,30,14,7,35,9,50,46,57,49,51,54,40,32,20,16,17,20,27,5,21,17,8,16,22,16,23,17,20,4,26,30,NA,25,NA,NA,22,23,26,22,29,19,29,6,30,52,34,55,27,44,47,60,26,51,41,41,37,24,16,45,48,44,15,0,33,35,34,19,33,23,34,21,25,23,44,14,36,26,42,61,23,17,13,22,18,NA,7,18
"12","CENTRE","AYOS",4,29,27,17,18,25,63,51,47,61,38,37,39,31,27,27,34,37,31,23,17,42,18,11,35,27,0,17,13,65,25,24,0,56,10,21,84,29,20,14,NA,69,16,11,17,20,40,62,128,8,6,24,17,3,8,22,17,57,21,0,86,23,54,17,19,12,22,19,15,101,92,87,78,137,28,61,45,134,56,46,40,54,107,4,22,8,75,27,52,39,54,20,25,16,19,10,22,23,17,29,21,18,11,NA
"13","CENTRE","BAFIA",0,0,0,37,46,20,57,67,88,74,108,148,111,84,125,161,186,176,255,74,157,267,240,383,527,688,429,356,277,319,322,310,337,268,336,169,216,NA,701,NA,200,255,328,172,451,446,280,389,310,339,210,NA,144,258,180,297,193,310,226,277,209,220,311,235,227,255,360,262,441,530,537,382,380,483,380,491,427,343,448,236,207,270,375,285,261,351,234,210,261,239,239,185,278,331,248,358,NA,260,534,507,612,372,489,338
"14","CENTRE","BIYEM ASSI",593,323,861,502,492,300,418,602,353,NA,608,489,463,486,666,538,583,726,595,255,670,700,379,536,NA,772,304,318,672,407,361,357,527,480,476,607,500,521,469,383,NA,645,NA,NA,686,556,678,394,NA,469,NA,NA,623,436,656,621,466,699,434,756,1132,1132,545,871,1082,959,774,676,558,652,703,505,562,220,780,616,564,390,1068,437,273,490,345,393,178,765,405,549,367,283,585,497,505,287,269,473,573,387,584,696,1073,NA,1012,340
"15","CENTRE","CITE VERTE",0,82,83,136,34,234,226,213,374,300,344,360,430,349,307,350,333,691,398,526,398,563,398,474,239,307,440,563,266,409,373,148,192,160,186,141,128,246,200,266,275,171,316,411,469,537,391,450,183,190,126,168,177,226,245,293,231,NA,173,195,193,204,164,240,221,138,258,272,285,142,290,252,223,265,402,233,559,622,582,412,322,382,358,494,428,511,510,468,398,353,266,15,138,196,201,235,374,381,314,176,265,229,227,237
"16","CENTRE","DJOUNGOLO",952,1092,1191,1052,1160,1115,1178,1187,1068,1165,1295,1060,1294,1393,1397,1455,1435,1413,1244,955,1104,714,1647,1431,1400,1231,1367,1070,1031,811,610,968,679,970,566,802,639,888,1076,636,669,882,995,642,892,544,671,853,550,614,851,423,1151,1275,1236,1295,429,744,922,768,696,823,991,1340,1137,886,873,945,899,949,838,1572,1548,1417,1338,1323,1355,1332,771,700,858,1075,237,994,675,942,987,82,762,948,923,1057,1098,1008,1010,600,1053,700,813,558,1113,713,763,779
"17","CENTRE","EBEBDA",20,36,34,29,42,17,22,35,22,21,0,20,25,25,26,31,37,25,22,31,32,34,55,21,33,30,53,21,34,31,1072,43,39,22,27,7,0,9,9,14,22,23,24,21,26,24,18,35,19,38,11,17,35,28,30,27,18,28,21,23,14,33,27,19,15,14,25,28,37,24,26,35,24,20,18,21,19,21,24,15,20,18,22,22,23,19,17,25,5,14,9,14,14,28,21,16,8,27,8,18,29,15,22,12
"18","CENTRE","EFOULAN",77,93,57,111,136,109,94,166,83,1612,202,274,346,232,186,242,245,380,129,169,289,397,273,405,224,303,636,259,306,262,1072,270,272,299,341,253,195,250,324,263,341,187,255,217,221,325,500,NA,381,357,227,278,457,528,457,435,562,426,264,476,560,535,630,607,82,331,444,611,685,712,704,228,605,644,497,550,517,401,595,457,403,498,307,407,605,450,401,249,507,395,347,247,415,335,301,481,459,452,228,375,385,304,446,506
"19","CENTRE","ELIG MFOMO",34,31,29,37,15,16,31,45,35,43,39,51,55,54,31,56,43,39,44,23,37,41,44,0,63,27,59,64,69,46,43,41,42,40,36,36,25,37,7,42,59,44,38,36,50,45,29,39,51,67,32,33,53,50,23,38,28,0,37,26,20,41,32,42,46,53,60,64,64,48,44,38,45,40,24,35,34,27,42,33,28,20,25,32,26,31,29,31,39,50,33,40,56,40,66,68,47,46,75,67,65,59,72,46
"20","CENTRE","ESEKA",38,8,7,7,4,12,7,4,8,11,11,8,10,7,8,10,5,10,8,7,9,12,7,NA,NA,NA,103,41,70,78,124,61,141,102,95,42,83,84,58,71,117,94,94,65,39,85,54,98,129,NA,NA,NA,32,73,80,71,67,72,75,357,205,177,115,104,72,100,110,105,157,103,101,148,77,90,109,102,105,131,464,99,80,160,142,105,106,113,98,115,90,70,92,63,87,42,34,90,90,65,95,95,95,90,101,52
"21","CENTRE","ESSE",0,0,17,17,27,12,17,21,15,6,15,21,9,13,12,16,38,6,15,38,17,17,19,31,29,21,57,47,30,20,56,52,60,39,34,46,20,24,29,20,46,41,40,40,26,35,25,33,3,21,22,20,29,27,47,29,27,46,35,26,21,40,42,51,44,30,52,57,51,61,47,35,44,27,67,38,39,47,47,27,42,31,37,28,32,34,23,10,17,27,16,11,22,31,22,26,26,24,15,34,NA,57,12,17
"22","CENTRE","EVODOULA",84,70,76,84,66,62,56,61,56,60,60,60,70,72,62,62,61,64,52,48,46,50,46,50,44,46,50,52,46,44,48,50,54,56,50,52,48,48,50,48,52,50,48,46,50,54,52,131,60,NA,NA,NA,50,51,48,48,54,NA,50,5,54,48,44,40,46,50,52,NA,48,50,48,62,70,60,70,54,54,62,70,60,70,60,60,48,50,52,51,50,46,50,48,50,64,66,70,72,68,70,64,62,NA,60,60,62
"23","CENTRE","MBALMAYO",0,0,56,59,162,50,0,92,62,0,119,164,75,67,133,118,136,150,157,78,92,183,157,209,131,116,112,134,89,72,36,71,47,59,20,81,84,54,89,78,NA,77,91,75,83,0,NA,35,15,NA,NA,NA,107,111,151,184,117,120,123,143,188,71,113,131,149,111,99,166,246,79,20,44,141,109,150,49,122,94,106,159,NA,122,187,68,157,88,150,98,95,83,123,119,109,85,106,140,96,103,122,105,NA,124,113,103
"24","CENTRE","MBANDJOCK",0,6,4,7,7,9,12,6,8,7,4,5,7,6,11,8,9,7,8,14,6,8,9,8,9,9,9,11,10,8,8,9,8,10,8,9,10,11,13,NA,NA,8,9,8,8,9,10,8,6,7,9,9,7,4,8,6,8,9,8,0,7,8,8,10,8,12,6,8,13,0,11,8,0,10,13,15,15,13,10,12,64,11,9,18,11,0,13,13,9,9,12,11,11,11,13,8,9,11,NA,9,8,7,12,8
"25","CENTRE","MBANKOMO",5,8,13,9,12,20,21,22,14,26,29,48,39,37,39,47,44,51,33,42,42,51,54,53,57,63,51,53,34,35,19,35,25,37,33,8,12,19,2,19,9,18,19,18,21,17,41,NA,9,13,NA,NA,28,24,17,37,11,9,18,15,29,38,33,109,12,11,6,25,49,9,17,0,11,22,32,14,31,58,29,57,64,59,50,49,33,109,49,45,54,40,44,29,48,40,82,56,41,36,38,0,31,NA,47,43
"26","CENTRE","MFOU",18,34,41,53,110,14,43,27,60,38,12,10,94,16,192,146,NA,66,195,194,0,142,61,118,119,81,41,41,61,49,151,63,36,45,58,29,27,39,22,56,34,75,42,66,154,48,NA,0,132,60,NA,55,164,137,159,125,61,60,129,156,135,214,240,333,387,401,200,234,120,182,296,145,210,218,189,122,122,112,127,128,124,123,106,92,120,102,103,150,102,95,120,77,106,121,142,97,108,87,89,92,112,109,108,105
"27","CENTRE","MONATELE",NA,0,5,23,19,22,40,40,32,43,33,56,39,46,46,26,35,27,43,17,84,64,51,44,1,42,10,41,33,20,NA,30,21,52,44,19,36,40,25,31,26,40,26,36,42,49,NA,73,NA,41,36,NA,65,51,52,51,98,30,64,73,NA,41,61,75,42,61,100,158,116,72,53,71,144,32,60,42,24,23,39,72,26,67,29,9,49,40,48,48,27,62,52,60,72,52,33,49,58,64,77,69,NA,41,55,NA
"28","CENTRE","NANGA EBOKO",11,6,3,4,11,31,22,14,2,20,49,27,38,30,42,47,30,31,77,67,79,120,48,56,56,40,57,56,56,49,49,21,12,10,13,51,48,23,16,34,15,27,32,23,18,23,27,27,18,29,36,18,46,19,27,24,13,15,20,18,23,23,30,42,52,45,69,50,65,45,70,48,62,73,79,76,69,70,56,68,64,78,54,36,64,48,31,25,NA,12,24,48,59,79,75,46,59,48,56,49,47,42,35,31
"29","CENTRE","NDIKINIMEKI",17,8,10,15,11,14,12,14,18,9,17,11,17,19,9,8,12,11,18,16,12,7,10,17,13,14,12,15,13,13,26,17,16,18,11,16,14,17,16,24,19,14,13,0,16,12,12,0,16,13,12,11,13,6,11,6,6,7,9,30,8,7,16,16,9,14,7,5,9,18,10,14,10,13,8,7,11,11,11,7,9,10,7,6,7,8,5,12,11,8,10,8,8,9,9,11,13,13,8,11,11,12,13,8
"30","CENTRE","NGOG MAPUBI",0,0,0,46,60,42,30,35,47,51,38,48,31,40,59,54,122,146,79,112,98,55,135,140,65,54,52,143,20,73,50,263,71,40,62,36,49,59,41,72,71,98,77,56,98,170,111,131,103,109,88,NA,74,94,69,55,60,47,56,72,50,75,87,74,74,80,110,115,118,84,102,105,86,90,108,126,104,117,123,81,104,85,72,83,76,87,70,67,85,99,103,93,129,124,119,113,92,106,NA,29,65,83,85,101
"31","CENTRE","NGOUMOU",10,9,15,8,4,9,17,16,18,16,10,11,21,20,11,18,9,3,8,8,8,9,17,21,15,19,12,18,16,14,16,11,19,18,14,20,25,12,17,18,NA,19,16,11,17,19,18,17,19,11,10,15,27,22,22,52,35,0,32,40,16,9,10,11,21,17,24,47,31,21,18,11,19,18,19,18,16,20,18,9,15,12,16,11,13,13,11,18,14,16,9,13,11,14,14,11,16,14,10,13,13,19,14,NA
"32","CENTRE","NKOLBISSON",0,24,141,57,175,242,610,554,562,342,393,379,520,32,490,160,203,57,498,442,115,524,523,457,509,395,323,421,378,387,385,428,339,342,339,231,261,514,255,431,319,363,115,53,120,123,165,174,121,159,177,167,107,180,121,82,102,182,228,265,83,333,346,521,519,453,468,317,630,351,448,626,377,687,399,472,352,383,449,400,421,444,349,338,428,403,477,21,151,186,156,151,187,157,139,179,165,168,123,136,265,163,130,47
"33","CENTRE","NKOLNDONGO",45,89,53,88,81,104,99,108,54,112,178,123,124,113,105,135,216,208,236,0,76,99,80,321,566,174,63,179,NA,320,290,55,115,111,84,223,125,294,624,36,186,229,150,38,119,196,219,101,NA,41,114,NA,369,170,626,672,566,465,436,205,409,708,473,534,397,568,1320,517,363,230,548,481,318,680,214,684,614,531,464,405,342,304,765,1023,420,360,987,738,504,293,313,1127,372,405,357,592,704,602,561,210,206,390,258,552
"34","CENTRE","NTUI",0,0,0,0,50,31,0,53,40,0,0,63,35,0,0,69,57,45,42,24,39,45,49,50,53,62,48,58,73,164,169,21,29,15,23,18,15,16,NA,NA,3,30,NA,30,24,26,NA,30,45,NA,NA,NA,31,21,49,21,45,66,105,65,66,97,80,153,112,68,72,102,77,12,73,78,98,67,23,54,62,78,94,49,70,42,13,43,59,44,39,48,57,63,35,68,146,79,86,56,24,NA,NA,NA,NA,NA,NA,NA
"35","CENTRE","OBALA",0,14,72,46,0,14,0,27,0,NA,31,58,59,38,67,141,67,47,63,80,49,70,48,48,50,74,63,65,64,63,48,64,59,53,86,68,51,60,68,51,81,108,96,108,126,125,130,137,121,NA,NA,NA,195,141,193,223,196,167,160,118,77,109,32,106,124,85,121,46,45,121,75,184,180,152,134,123,51,193,161,140,118,151,140,161,134,103,101,124,130,100,115,130,103,120,123,140,151,110,102,103,135,113,122,102
"36","CENTRE","OKOLA",0,0,0,0,0,0,0,0,0,0,0,0,0,0,0,0,0,0,0,11,7,13,9,9,NA,0,0,0,0,0,0,0,5,NA,20,24,34,20,NA,NA,12,39,12,39,17,46,34,14,53,23,34,NA,42,80,53,82,53,10,38,67,77,85,106,110,100,101,130,79,243,88,133,88,86,119,67,102,142,94,89,41,38,76,58,97,56,224,84,51,69,87,101,72,89,131,54,52,20,74,60,43,50,7,NA,NA
"37","CENTRE","SAA",0,0,14,149,119,137,115,98,112,133,121,154,162,145,184,126,203,166,174,137,128,137,136,144,139,107,189,152,130,126,125,124,118,89,129,70,61,130,64,106,78,113,113,107,144,154,122,170,119,139,NA,NA,128,123,124,130,22,100,147,123,113,169,332,176,185,205,163,244,174,186,245,160,112,223,194,156,162,160,155,127,146,111,159,129,114,120,148,125,13,116,131,148,153,170,167,184,185,160,188,189,155,118,108,106
"38","CENTRE","SOA",4,85,98,119,108,70,106,129,112,152,129,132,118,182,168,142,193,183,166,198,184,157,107,129,136,141,111,159,109,81,88,117,84,27,95,82,91,95,104,38,115,110,68,106,124,127,113,106,110,68,NA,NA,48,42,82,42,69,49,66,78,106,149,54,73,102,93,104,100,74,121,51,130,103,98,105,81,79,99,73,82,50,77,51,57,39,89,41,92,NA,87,55,54,71,114,122,118,166,161,NA,89,135,NA,5,70
"39","CENTRE","YOKO",0,0,8,27,32,26,0,4,0,44,15,8,0,5,10,2,24,8,16,31,4,4,35,8,0,24,46,55,53,12,19,57,9,7,18,16,10,8,16,5,9,9,22,7,6,25,24,32,NA,8,4,5,9,3,0,0,12,5,2,20,25,2,6,68,45,4,6,32,12,41,9,60,22,22,14,11,11,0,10,20,13,55,37,63,68,50,54,52,28,20,65,81,70,70,0,72,53,68,73,57,24,13,8,6
"40","EST","ABONG MBANG",64,125,102,122,89,88,124,65,98,87,68,98,112,0,107,13,26,132,89,146,25,0,0,125,0,134,200,37,43,0,0,0,0,0,0,146,145,213,140,129,139,98,164,113,98,145,201,89,150,125,85,45,11,6,0,140,87,65,80,54,65,60,44,38,68,11,45,0,100,78,25,65,120,45,80,68,45,120,179,141,101,139,124,89,54,110,111,18,102,65,80,140,160,120,80,101,80,65,80,102,140,80,110,80
"41","EST","BATOURI",25,35,89,135,154,0,0,0,0,126,96,0,69,264,273,331,359,210,317,274,281,302,214,237,252,200,142,89,77,0,112,81,38,26,84,0,66,0,200,0,42,80,123,213,145,84,0,0,84,240,64,89,52,89,51,21,152,19,0,0,38,64,0,165,120,89,54,109,176,138,65,100,65,64,100,113,0,102,80,86,108,123,139,210,89,82,100,84,98,132,120,203,178,98,56,98,66,42,140,124,200,162,52,89
"42","EST","BERTOUA",0,230,0,0,0,0,235,202,125,0,0,0,325,354,320,0,182,320,210,284,326,0,0,324,300,296,0,298,0,0,0,0,0,0,325,0,0,0,340,0,0,0,100,165,204,326,170,116,243,200,345,256,0,325,100,0,420,0,420,323,152,67,120,300,245,320,125,109,104,0,320,230,156,417,162,16,105,200,0,219,0,340,245,51,162,200,169,95,200,229,30,48,109,119,81,230,189,145,230,99,289,120,83,200
"43","EST","BETARE OYA",179,220,237,234,95,242,158,201,271,423,321,240,265,25,23,59,154,142,86,62,323,145,197,245,253,285,215,267,201,146,316,11,33,123,0,0,0,65,193,29,150,291,177,203,464,200,0,0,100,145,112,25,360,162,0,54,51,248,125,203,120,146,182,0,210,254,20,121,214,0,154,174,172,858,214,204,245,286,120,86,83,0,210,154,100,73,89,145,99,200,152,100,230,200,120,85,46,20,185,89,213,188,126,138
"44","EST","DOUME",17,0,0,0,0,24,0,0,45,22,22,17,0,0,0,0,0,0,90,82,58,219,131,147,122,0,72,19,0,0,0,17,44,0,0,0,86,98,105,71,57,0,25,0,0,23,0,0,14,0,46,20,94,102,84,74,58,16,17,12,0,14,1,0,104,103,12,0,14,24,13,0,56,186,174,187,159,133,110,147,144,198,94,103,36,54,23,14,11,13,27,67,42,56,24,25,12,23,28,39,68,50,35,25
"45","EST","GAROUA BOULAI",308,245,230,204,265,268,563,552,456,284,465,328,394,489,510,607,450,466,362,618,669,864,874,1053,1038,830,596,751,659,571,443,343,600,565,499,643,589,516,551,462,420,622,546,781,577,655,627,444,551,299,214,223,350,467,434,320,416,322,409,364,402,641,461,494,356,400,438,494,653,272,335,512,547,661,539,660,574,879,372,450,580,715,302,531,579,486,664,565,477,534,420,518,458,308,300,581,636,542,587,602,545,450,358,175
"46","EST","KETTE",0,12,7,0,0,6,0,0,0,0,0,0,0,0,0,0,56,0,89,230,381,180,0,439,410,264,400,0,412,309,258,276,111,438,133,274,326,290,331,290,336,128,109,0,0,97,320,33,381,0,79,86,89,182,134,100,203,114,153,153,210,284,0,0,313,288,126,353,353,173,168,140,170,204,127,366,431,243,214,200,0,312,213,187,185,217,148,154,126,106,89,262,63,331,140,284,328,306,203,148,377,203,280,120
"47","EST","LOMIE",128,57,43,54,0,86,123,79,95,86,108,78,93,25,0,0,0,52,36,45,22,0,101,116,100,108,98,25,0,0,0,0,0,20,0,93,76,97,143,102,45,69,40,0,104,111,91,58,40,84,55,29,96,92,91,91,80,96,86,78,63,45,0,0,0,70,42,65,20,80,36,112,80,65,98,109,115,120,0,0,13,45,42,93,87,114,80,0,40,49,36,40,34,79,65,48,23,18,18,32,40,25,16,23
"48","EST","MBANG",4,38,14,12,3,9,6,13,11,0,15,0,0,0,14,15,22,9,20,56,36,20,12,9,14,20,0,0,30,0,19,13,11,12,0,6,0,5,5,2,3,14,15,26,7,18,0,0,0,9,18,12,15,4,6,7,5,5,14,2,2,5,7,9,44,6,16,12,9,9,15,20,25,37,60,16,4,8,22,11,54,17,7,13,20,12,36,12,14,11,4,12,7,20,12,25,10,18,12,24,35,11,8,15
"49","EST","MESSAMENA",21,9,0,0,11,10,0,0,0,0,14,23,10,0,0,0,32,0,14,23,9,42,0,0,0,13,62,10,26,0,31,0,22,8,0,0,9,13,15,12,0,0,15,0,15,8,0,4,56,13,NA,NA,23,14,0,0,18,0,10,0,10,10,0,3,6,12,4,8,0,0,20,12,18,14,0,12,6,6,45,45,45,59,6,7,30,31,28,8,10,8,9,21,19,45,30,39,20,38,23,30,20,18,0,20
"50","EST","MOLOUNDOU",0,0,16,0,0,0,0,0,0,0,0,0,0,0,0,0,23,23,0,23,16,0,0,22,36,0,65,0,0,65,0,0,26,86,56,24,0,23,0,0,110,0,20,0,0,25,18,12,0,27,21,32,34,5,60,41,70,70,74,73,0,17,53,19,18,22,12,0,28,45,62,0,10,28,19,56,19,0,0,16,0,11,0,42,43,40,13,80,36,49,25,16,32,14,10,18,102,60,32,29,23,29,40,36
"51","EST","NDELELE",25,13,65,0,0,55,46,51,15,130,73,65,33,23,20,59,118,0,42,24,98,98,0,18,0,65,280,142,124,92,77,0,114,0,169,0,0,106,68,89,47,0,13,60,0,67,103,49,62,294,68,38,0,137,44,104,106,132,220,30,174,320,60,93,101,376,122,95,34,365,52,252,224,463,139,63,103,68,61,91,89,130,131,40,66,70,123,576,120,127,157,296,134,276,209,99,162,303,246,129,44,40,155,90
"52","EST","NGUELEMENDOUKA",12,0,12,0,0,0,12,0,0,0,0,0,9,0,12,12,4,14,0,0,14,0,0,15,24,12,14,18,46,0,15,0,14,13,0,0,0,0,24,12,0,16,16,14,16,0,23,14,14,60,14,0,14,10,12,0,10,7,0,0,9,94,92,111,99,13,12,13,12,0,3,7,12,0,0,17,0,12,0,14,15,32,0,0,18,20,12,0,17,18,12,19,12,24,19,9,19,17,38,22,19,19,14,20
"53","EST","YOKADOUMA",117,100,113,114,113,110,186,113,55,0,102,118,42,118,127,208,215,234,219,189,303,303,0,270,250,123,132,198,187,232,133,283,304,265,861,204,222,0,116,198,236,272,123,270,359,245,332,318,484,412,281,178,192,245,207,136,114,163,195,180,146,197,183,121,71,140,147,0,225,201,264,208,200,261,224,228,178,230,243,135,202,538,169,119,229,200,358,180,180,224,110,207,214,237,211,254,277,297,180,200,217,132,356,83
"54","EXTREME NORD","BOGO",193,166,187,189,160,159,131,98,141,105,105,102,111,101,80,80,77,65,54,47,69,92,79,51,51,49,73,68,91,127,213,360,454,507,572,556,746,643,484,506,644,589,590,765,558,426,296,147,152,128,135,108,114,97,79,7,56,29,49,51,55,64,56,42,55,36,53,23,51,54,34,43,72,0,30,29,39,46,44,6,29,91,92,NA,118,225,248,239,535,144,191,404,463,484,485,319,448,283,176,64,216,160,139,NA
"55","EXTREME NORD","BOURHA",126,96,93,109,123,117,122,108,89,61,58,NA,56,42,53,68,69,49,77,74,84,87,70,120,123,150,159,185,162,161,173,161,165,217,246,226,262,20,275,324,NA,428,312,296,480,325,380,306,261,180,262,144,77,226,86,68,79,49,172,52,60,86,83,75,99,83,70,80,73,193,59,74,61,72,63,68,73,74,13,48,156,119,191,161,141,248,234,176,285,342,294,350,443,420,324,377,447,376,331,181,136,0,68,52
"56","EXTREME NORD","GAZAWA",NA,NA,NA,NA,NA,NA,NA,NA,NA,NA,NA,NA,NA,NA,NA,NA,NA,NA,NA,NA,NA,NA,NA,NA,NA,NA,NA,NA,NA,NA,NA,NA,NA,NA,NA,NA,NA,NA,NA,NA,NA,NA,NA,NA,NA,NA,NA,NA,NA,NA,NA,NA,101,101,89,106,93,60,70,64,82,75,79,74,84,86,99,78,88,73,84,68,50,61,60,60,68,73,80,91,24,285,267,462,1003,162,1384,1182,1193,1326,158,1376,1396,NA,1113,865,821,1412,466,476,454,282,282,231
"57","EXTREME NORD","GOULFEY",76,108,96,66,57,65,58,61,62,36,28,NA,42,46,32,40,39,36,15,30,30,43,21,45,22,36,NA,0,35,29,41,40,16,40,22,105,140,128,45,136,NA,207,150,165,12,13,NA,24,147,102,NA,NA,35,28,32,18,92,36,18,27,31,35,21,20,14,31,10,NA,11,NA,7,8,6,6,15,20,17,29,9,9,64,8,12,NA,9,NA,28,NA,NA,13,NA,NA,NA,NA,NA,70,30,NA,NA,80,76,67,NA,33
"58","EXTREME NORD","GUERE",28,74,119,76,96,47,77,63,72,44,87,68,11,39,0,42,46,40,24,63,78,101,47,61,57,64,111,101,300,499,307,160,173,110,43,129,138,276,104,33,268,375,251,379,418,NA,154,127,45,36,76,57,51,81,63,74,78,34,36,42,83,69,38,58,84,83,47,68,21,48,38,13,19,22,18,27,16,70,47,26,64,143,114,197,239,120,48,129,64,95,122,130,183,267,174,207,195,NA,32,49,14,15,NA,NA
"59","EXTREME NORD","GUIDIGUIS",115,120,153,163,162,133,128,172,87,113,96,61,114,81,95,87,83,100,107,127,155,92,43,103,56,125,106,101,143,344,345,644,600,796,639,498,645,404,679,391,606,750,690,587,630,507,145,226,135,84,77,73,91,90,82,142,92,75,76,129,142,146,99,80,123,91,102,73,56,44,41,60,60,57,64,73,58,14,98,41,45,126,113,184,333,810,491,632,377,448,483,379,479,230,509,308,272,248,210,268,194,140,108,62
"60","EXTREME NORD","HINA",151,0,223,158,67,69,66,49,168,59,191,162,47,101,68,24,101,111,130,30,133,68,105,78,NA,237,0,222,231,287,243,505,542,438,280,468,310,458,0,531,312,477,445,426,246,238,378,415,304,147,88,96,311,231,171,176,160,146,187,180,178,111,128,139,89,98,116,0,109,49,117,121,99,92,125,48,123,133,161,173,188,400,307,226,382,510,544,549,610,123,556,359,547,565,772,424,NA,696,378,471,382,352,243,201
"61","EXTREME NORD","KAELE",215,178,149,170,200,161,137,139,141,123,131,157,137,122,98,108,95,97,93,97,110,89,88,115,4,132,135,125,182,293,200,620,705,595,350,270,334,320,449,385,397,195,476,91,292,147,118,44,80,134,86,30,23,71,92,93,34,81,68,74,72,86,90,9,107,95,103,25,82,10,35,37,73,74,33,87,40,84,70,87,0,236,97,147,0,546,490,334,533,750,247,487,770,622,397,308,431,317,117,153,165,115,85,94
"62","EXTREME NORD","KAR HAY",82,89,70,108,101,104,99,61,NA,70,NA,62,63,54,0,69,211,50,64,74,91,55,51,65,75,76,NA,NA,0,194,NA,362,476,0,0,NA,0,0,0,NA,NA,0,NA,0,NA,NA,NA,73,NA,0,0,NA,0,45,18,NA,37,34,14,NA,37,34,32,33,7,15,20,17,38,23,10,8,26,32,27,NA,NA,NA,NA,NA,NA,95,53,48,7,NA,896,342,158,238,309,41,230,180,227,46,172,87,NA,214,105,NA,29,29
"63","EXTREME NORD","KOLOFATA",238,104,127,119,102,315,433,248,172,85,142,121,94,120,113,82,95,87,75,87,98,88,31,97,91,81,102,81,117,105,141,155,207,240,245,326,292,380,388,413,349,119,26,238,304,351,208,58,42,54,87,74,7,13,9,14,18,14,9,11,14,11,6,7,6,10,13,12,10,10,11,14,11,11,4,10,7,9,6,7,20,34,33,23,16,43,255,311,175,194,170,156,308,216,273,253,153,69,64,62,101,23,46,51
"64","EXTREME NORD","KOUSSERI",0,0,90,26,0,222,133,129,361,247,302,49,343,NA,0,9,223,319,14,110,183,310,211,199,69,NA,262,216,152,208,23,129,207,65,140,0,0,331,96,64,882,452,0,420,NA,NA,209,14,NA,129,107,30,215,115,168,99,126,34,420,6,58,56,0,183,207,29,66,50,121,0,156,NA,129,22,170,29,142,12,135,289,107,107,110,46,242,401,401,790,112,234,60,356,411,NA,296,664,1440,NA,NA,NA,10,23,97,51
"65","EXTREME NORD","KOZA",229,243,248,172,214,193,267,229,168,216,265,215,239,130,228,148,193,81,NA,160,117,151,166,120,219,204,205,273,314,530,289,429,419,570,417,407,784,629,741,756,NA,NA,NA,0,629,329,542,323,64,NA,195,NA,158,180,163,151,140,132,96,112,126,133,141,130,104,187,118,97,29,107,55,95,57,73,114,69,82,100,120,146,156,145,250,233,363,273,181,265,322,453,464,500,1097,544,670,771,470,402,67,150,241,222,99,112
"66","EXTREME NORD","MADA",296,140,246,236,306,245,259,227,213,327,191,219,239,246,206,191,117,105,75,100,92,NA,134,128,114,74,93,63,56,43,31,50,39,96,397,396,560,556,534,430,667,553,471,265,348,224,182,296,258,468,563,NA,44,304,206,NA,154,85,87,106,137,184,234,204,171,116,198,169,148,144,65,84,72,54,92,47,42,74,70,41,30,53,23,35,137,289,270,10,NA,NA,NA,235,284,221,178,106,81,45,42,36,43,NA,76,45
"67","EXTREME NORD","MAGA",41,72,35,56,128,75,102,79,103,84,127,68,NA,77,50,71,69,63,88,43,30,24,77,61,56,106,104,96,109,180,244,323,364,356,347,194,306,304,464,306,499,385,392,297,266,226,157,94,57,54,89,80,69,81,40,43,37,55,63,62,62,54,62,76,74,52,51,41,50,43,40,49,40,44,43,35,38,57,59,44,25,149,64,77,159,157,239,0,264,251,137,354,338,409,414,316,177,99,127,81,105,51,56,47
"68","EXTREME NORD","MAKARY",0,48,0,77,0,68,268,268,257,NA,NA,0,98,NA,0,133,91,NA,NA,NA,NA,NA,46,172,109,101,NA,NA,NA,NA,NA,NA,NA,NA,NA,NA,119,289,NA,NA,NA,361,NA,NA,NA,NA,NA,77,737,483,NA,NA,464,113,125,303,0,NA,NA,19,29,35,83,165,144,126,51,26,39,56,44,46,42,63,81,73,50,NA,NA,NA,NA,NA,NA,NA,14,NA,NA,NA,NA,NA,NA,NA,61,217,NA,251,201,130,NA,NA,NA,NA,NA,NA
"69","EXTREME NORD","MAROUA 1",196,238,330,27,280,282,NA,324,89,219,NA,NA,154,NA,198,174,174,104,83,0,NA,0,110,90,169,NA,140,166,166,294,517,800,688,656,765,656,656,877,988,1806,2518,642,0,NA,544,1730,407,835,NA,NA,NA,NA,262,487,NA,546,296,470,446,243,270,237,437,216,304,386,410,397,430,367,568,0,433,NA,373,378,331,403,405,414,300,404,400,438,441,857,914,1276,1235,1058,1024,1279,1726,1697,1428,1385,188,782,629,907,559,542,397,483
"70","EXTREME NORD","MAROUA 2",638,492,925,648,672,430,613,520,674,561,551,509,558,511,360,505,488,465,312,140,516,462,456,516,549,567,532,527,560,788,722,1152,1113,1316,1178,1508,1864,1717,1939,910,898,2623,0,2621,2269,613,1308,0,956,755,790,NA,197,140,404,211,159,145,152,182,170,164,163,164,133,204,198,132,143,183,142,190,151,170,132,147,151,NA,NA,236,191,191,227,193,301,423,478,633,694,NA,NA,723,812,812,733,670,671,324,NA,347,341,159,144,156
"71","EXTREME NORD","MAROUA 3",NA,NA,NA,NA,NA,NA,NA,NA,NA,NA,NA,NA,NA,NA,NA,NA,NA,NA,NA,NA,NA,NA,NA,NA,NA,NA,NA,NA,NA,NA,NA,NA,NA,NA,NA,NA,NA,NA,NA,NA,NA,NA,NA,NA,NA,NA,NA,NA,NA,NA,NA,NA,270,127,249,303,NA,239,256,277,64,22,47,277,237,260,282,229,268,257,89,289,92,233,193,58,163,238,76,257,230,253,255,207,372,521,532,458,375,292,556,650,570,451,615,586,463,125,122,18,267,357,305,21
"72","EXTREME NORD","MERI",38,22,19,0,47,8,9,13,14,8,26,20,11,24,18,9,19,7,5,50,25,10,17,5,15,3,16,12,43,46,142,187,220,169,192,486,349,140,124,65,NA,320,303,48,97,125,41,17,34,12,26,32,130,21,43,19,14,28,15,21,20,9,20,11,31,31,13,20,9,2,15,13,0,7,5,3,7,5,10,12,23,64,19,19,61,42,104,NA,190,333,127,77,353,102,NA,37,69,60,28,5,71,26,10,5
"73","EXTREME NORD","MINDIF",58,55,96,78,100,81,48,40,83,17,62,19,29,38,NA,30,30,26,40,36,41,28,11,34,46,28,36,23,158,239,232,100,297,306,24,328,432,0,240,225,496,163,446,412,128,195,128,106,85,102,60,78,43,0,44,42,38,32,44,28,38,35,34,38,31,25,45,34,40,22,17,47,24,37,18,33,33,43,32,18,48,168,126,78,262,516,442,427,248,208,448,559,230,517,245,325,352,187,86,87,144,50,109,112
"74","EXTREME NORD","MOGODE",41,86,82,42,75,67,76,59,60,52,46,56,35,43,34,42,34,48,5,33,28,57,0,72,128,158,98,104,109,121,238,196,201,257,199,312,396,335,491,663,1029,1008,1041,901,627,251,833,329,306,104,NA,NA,107,66,102,97,71,87,89,77,86,62,61,32,47,39,19,22,6,17,12,17,36,31,29,27,4,NA,65,51,51,124,130,73,65,134,189,364,523,125,532,460,571,547,735,505,552,349,236,213,130,132,71,31
"75","EXTREME NORD","MOKOLO",395,306,337,376,318,198,212,264,189,0,245,290,165,244,270,42,244,282,256,275,321,327,308,251,0,456,508,305,452,857,874,784,996,650,441,857,1025,286,1192,1848,1568,1072,1208,987,1386,1358,126,794,543,480,543,NA,425,51,458,449,445,193,495,532,589,531,471,436,493,284,267,300,376,382,448,153,187,539,364,312,257,287,539,543,313,766,434,444,417,296,903,0,230,1735,1334,836,1836,1983,1723,1725,1428,636,1041,831,650,162,412,295
"76","EXTREME NORD","MORA",51,96,102,140,130,26,90,99,110,107,NA,69,58,53,49,42,58,31,60,66,64,62,35,67,68,41,56,58,72,NA,225,269,89,230,192,226,241,362,365,362,495,520,372,251,328,279,107,99,108,137,NA,NA,2,123,0,87,79,84,51,147,82,132,92,136,51,157,131,137,163,35,176,140,110,142,60,74,95,219,18,46,59,64,111,NA,18,174,306,NA,308,190,NA,NA,296,NA,NA,613,520,NA,78,65,161,NA,489,469
"77","EXTREME NORD","MOULVOUDAYE",99,101,116,97,35,101,79,57,51,18,70,99,108,74,37,49,71,20,52,58,15,38,46,5,33,28,39,30,39,183,303,319,258,274,351,208,200,362,278,286,NA,173,210,259,107,163,55,128,59,59,60,44,49,42,36,150,54,28,37,30,35,30,26,30,29,22,30,20,30,26,27,28,34,38,17,16,13,18,13,24,29,76,50,73,172,282,186,142,387,142,210,243,296,384,319,285,103,216,131,138,137,78,111,51
"78","EXTREME NORD","MOUTOURWA",39,50,64,41,76,21,40,63,34,34,NA,41,34,55,38,41,29,33,29,16,55,57,29,49,56,86,73,74,216,363,127,387,320,368,251,267,221,349,219,195,280,221,258,228,139,179,140,43,59,75,18,38,43,28,48,22,23,35,22,38,13,47,60,40,29,47,4,29,29,33,40,40,39,15,25,28,27,32,38,31,52,76,127,39,140,178,71,396,255,227,268,327,368,251,103,263,135,138,109,61,75,55,45,NA
"79","EXTREME NORD","PETTE",74,88,115,78,98,19,11,104,98,74,89,37,22,12,12,13,42,23,23,25,30,15,8,33,11,6,6,26,54,169,169,273,174,136,186,235,326,467,338,142,412,313,374,277,221,165,48,67,84,93,88,84,104,66,64,76,45,25,35,41,40,40,35,20,51,27,17,12,6,19,24,NA,3,9,2,7,12,6,7,5,7,63,79,53,37,284,0,457,320,171,111,134,284,205,392,261,260,23,45,48,50,51,32,40
"80","EXTREME NORD","ROUA",18,15,0,0,0,0,17,0,16,0,17,NA,14,10,27,7,12,18,6,27,25,5,9,13,0,0,39,90,116,208,294,309,302,255,235,0,NA,315,386,450,419,270,315,NA,133,187,284,138,90,50,43,44,83,36,20,28,34,32,41,33,38,33,23,30,82,46,44,13,30,37,47,18,15,13,32,31,39,56,0,53,100,135,106,155,265,44,428,367,465,479,NA,581,538,559,582,418,370,101,219,120,187,120,80,59
"81","EXTREME NORD","TOKOMBERE",60,47,75,93,69,56,102,100,71,91,49,33,19,48,41,46,52,35,40,33,50,32,58,49,24,30,75,68,72,157,294,388,467,588,232,587,265,529,543,674,561,685,527,596,476,374,295,197,67,141,77,96,101,104,75,64,40,45,30,35,29,46,52,38,45,58,41,39,61,41,47,35,14,14,14,39,23,24,25,45,60,133,134,96,195,466,121,445,478,120,428,602,493,805,624,440,593,365,71,215,181,126,145,71
"82","EXTREME NORD","VELE",11,0,37,29,37,29,11,15,19,17,23,22,39,11,0,6,23,12,44,NA,0,67,69,48,51,49,61,71,102,121,52,118,38,165,133,109,113,89,97,77,54,143,148,957,89,91,48,27,16,39,22,14,41,39,50,62,57,46,49,46,42,60,46,74,72,55,39,14,260,13,32,57,50,57,31,48,50,30,2,18,42,89,67,38,163,52,298,22,78,NA,155,NA,119,317,NA,120,175,110,54,76,73,9,30,17
"83","EXTREME NORD","YAGOUA",134,225,210,146,250,201,197,155,136,163,152,134,183,153,101,129,132,130,95,107,130,135,124,NA,117,NA,160,163,201,394,651,390,360,450,188,316,511,501,0,507,468,383,402,371,237,142,236,215,75,98,NA,NA,54,88,90,116,133,43,79,97,87,78,93,107,136,82,77,85,43,49,67,14,86,45,23,66,64,65,82,100,123,171,279,NA,226,NA,0,483,384,279,164,NA,NA,NA,NA,NA,271,201,NA,NA,NA,NA,NA,NA
"84","LITTORAL","ABO",0,0,0,0,29,12,0,25,15,32,22,36,31,21,27,28,0,29,0,30,27,22,29,32,0,26,38,0,34,39,35,24,34,35,60,49,0,52,45,55,64,55,68,55,48,0,181,NA,NA,NA,NA,NA,31,20,33,42,18,28,32,29,0,12,11,20,13,0,0,0,0,17,21,0,15,1,0,0,0,0,35,42,72,57,68,NA,NA,NA,NA,NA,NA,NA,NA,NA,NA,NA,NA,NA,NA,NA,NA,NA,NA,NA,NA,NA
"85","LITTORAL","BOKO",0,0,239,264,192,117,211,231,225,154,224,221,174,190,220,202,200,231,186,254,282,248,215,204,34,0,136,181,0,0,230,174,0,0,238,278,206,208,258,240,289,158,200,281,206,171,0,169,222,221,147,193,42,197,240,180,156,196,228,162,179,131,192,163,52,180,177,206,158,271,146,202,126,181,195,149,133,57,177,155,133,107,145,108,87,98,13,181,162,148,150,0,149,117,136,234,112,160,114,152,154,173,132,110
"86","LITTORAL","BONASSAMA",0,139,201,0,53,99,187,90,128,153,138,145,218,199,161,160,207,148,138,60,204,157,165,190,199,182,103,147,161,219,187,60,133,121,127,198,105,131,115,173,246,40,228,199,186,197,146,112,121,110,124,102,128,182,167,160,210,118,146,278,215,153,158,194,244,300,161,255,256,165,248,282,213,252,245,204,260,218,229,301,260,209,283,253,194,191,180,265,268,302,227,245,286,301,278,231,201,315,256,260,222,250,200,208
"87","LITTORAL","CITE PALMIERS",96,159,169,174,239,87,15,0,27,262,279,280,339,76,21,77,34,323,139,208,291,0,0,38,64,43,22,10,89,37,156,240,204,166,84,11,59,160,277,223,270,366,231,193,0,295,229,122,129,177,NA,NA,260,325,333,289,331,295,313,347,411,332,319,309,377,259,294,308,340,246,326,303,274,209,269,276,215,282,296,284,232,201,128,200,228,218,179,246,328,301,305,241,209,193,250,192,248,218,184,143,211,187,216,137
"88","LITTORAL","DEIDO",273,256,236,188,536,379,407,334,954,249,258,307,221,380,376,452,311,175,286,297,305,211,18,19,287,327,371,141,206,281,642,503,748,277,612,624,848,131,34,238,0,0,0,0,140,59,161,50,96,0,24,NA,48,102,266,118,95,115,135,0,112,82,89,75,61,76,94,108,108,0,0,0,76,76,72,82,80,147,76,123,75,129,86,150,70,112,173,58,300,271,328,208,199,176,251,195,136,18,65,70,64,NA,NA,NA
"89","LITTORAL","DIBOMBARI",0,0,0,0,3,11,14,0,36,32,20,17,22,11,18,0,19,29,0,21,30,24,12,31,23,24,34,29,32,74,72,51,60,47,70,49,0,81,72,72,94,95,76,23,70,53,56,52,68,67,NA,NA,57,53,6,50,35,47,33,43,43,41,65,43,41,0,114,62,42,69,67,51,25,50,48,35,46,27,43,66,0,68,65,45,41,52,77,50,83,50,37,30,62,54,25,46,50,46,42,60,41,34,23,41
"90","LITTORAL","EDEA",0,0,62,50,36,62,89,127,131,59,54,64,127,64,0,0,53,214,88,106,77,64,0,96,132,71,199,74,151,127,112,72,96,102,114,88,120,111,104,124,112,125,134,135,103,91,84,94,84,107,114,NA,143,161,141,204,118,115,104,83,137,134,98,100,141,132,154,162,151,171,170,172,118,157,120,118,100,145,110,148,136,118,87,164,84,116,72,88,82,178,134,83,124,151,148,132,76,146,148,81,125,98,111,105
"91","LITTORAL","JAPOMA",0,128,33,50,30,33,0,0,0,53,74,72,0,0,0,11,20,64,0,14,76,0,45,169,0,0,0,27,7,89,0,0,44,0,23,0,37,25,27,119,67,53,39,26,53,45,45,55,56,38,45,0,36,42,54,49,40,30,74,92,45,50,79,92,88,74,75,102,106,119,120,109,84,139,88,89,126,100,109,101,123,94,99,122,101,104,87,147,137,155,207,155,107,168,131,128,123,113,117,126,106,136,120,134
"92","LITTORAL","LOGBABA",0,55,0,0,0,0,102,0,82,6,7,124,197,164,192,178,7,20,0,107,150,90,106,297,187,150,0,193,221,120,183,119,164,233,56,159,203,219,126,121,91,304,142,207,91,271,167,190,131,142,220,90,197,170,264,172,18,172,146,0,97,231,179,106,142,230,283,262,282,326,285,254,205,89,270,298,301,204,145,250,179,44,158,234,186,211,199,182,119,219,117,147,137,65,127,125,183,15,192,98,263,NA,NA,NA
"93","LITTORAL","LOUM",0,0,0,170,186,203,178,195,181,0,23,0,0,260,200,142,200,108,91,191,163,0,0,0,98,0,98,83,121,118,120,101,105,137,129,153,188,108,158,196,161,122,97,157,128,0,142,167,191,135,0,177,0,91,227,184,142,97,106,125,199,110,283,230,221,96,144,176,257,173,151,134,124,145,153,182,160,124,105,124,117,102,130,155,93,124,138,158,177,181,196,161,53,175,172,161,180,164,124,129,51,126,153,NA
"94","LITTORAL","MANJO",0,0,0,20,27,42,45,79,81,70,50,53,63,64,0,83,87,91,76,81,63,103,106,94,78,58,70,59,90,95,56,60,52,56,78,61,64,78,49,80,64,77,56,53,63,49,63,67,72,63,55,56,49,71,64,52,29,49,46,78,66,92,90,115,100,105,95,109,95,96,112,97,87,38,76,82,52,40,51,45,39,51,48,50,37,36,46,61,48,76,69,77,51,50,48,52,50,52,400,49,50,50,72,53
"95","LITTORAL","MANOKA",0,0,11,8,11,7,6,3,3,0,9,0,0,8,12,8,9,5,8,11,21,12,7,8,4,12,5,0,1,8,0,8,3,7,1,6,0,4,5,0,2,4,2,0,2,8,0,0,7,0,7,0,4,7,5,5,0,9,9,4,4,0,3,8,9,6,9,5,7,0,4,0,0,4,3,0,2,4,3,0,4,2,5,7,1,3,8,8,5,3,2,1,5,7,4,2,3,4,5,3,4,0,3,3
"96","LITTORAL","MBANGA",0,31,43,52,36,21,28,0,98,NA,43,53,95,100,13,28,75,25,125,0,30,0,52,31,4,35,0,43,67,0,51,43,33,37,51,38,39,50,29,44,21,29,25,42,52,75,48,57,28,36,60,43,30,46,43,40,55,44,64,45,75,69,67,71,44,44,59,65,56,55,53,32,58,38,33,61,50,57,21,43,0,48,49,72,50,37,41,64,82,87,46,79,100,90,57,131,34,123,110,44,118,146,113,76
"97","LITTORAL","MBANGUE",255,296,348,249,256,99,85,0,14,301,277,344,325,139,7,106,102,0,0,0,0,0,232,152,333,263,86,243,333,263,273,342,329,380,348,39,170,262,0,0,279,257,0,290,129,241,181,296,341,271,NA,NA,350,464,404,296,287,303,317,285,326,407,300,0,297,294,328,403,444,341,256,0,355,379,291,133,238,268,160,333,268,282,406,68,290,318,0,0,0,416,0,0,0,447,346,18,351,314,7,335,345,NA,NA,NA
"98","LITTORAL","MELONG",0,28,44,0,37,2,40,14,73,54,14,28,42,42,0,15,19,32,57,26,30,31,40,16,0,27,18,19,9,41,0,48,41,10,7,10,7,24,18,60,20,77,38,0,0,48,21,82,49,60,68,69,72,93,90,94,81,0,56,114,100,74,120,169,172,120,96,124,156,116,156,0,125,111,98,148,145,154,97,0,79,122,124,155,110,160,125,148,155,139,194,148,157,0,145,178,134,154,1711,146,190,194,204,133
"99","LITTORAL","NDOM",0,0,0,0,0,0,10,0,20,3,6,0,0,13,21,10,26,12,14,11,24,61,15,31,12,17,0,0,0,15,2,13,10,13,50,5,7,9,9,0,0,NA,NA,NA,NA,NA,NA,NA,NA,NA,NA,NA,11,19,21,20,15,9,11,14,9,12,9,12,11,7,16,13,8,11,9,13,11,18,6,12,11,16,21,19,29,26,21,17,8,17,14,25,0,21,18,11,21,18,16,17,23,NA,NA,NA,NA,NA,NA,NA
"100","LITTORAL","NEW BELL",0,0,192,205,222,213,231,315,302,234,318,427,361,387,308,374,334,323,257,391,423,241,423,423,378,345,373,365,440,335,313,390,349,366,456,384,383,387,445,418,458,444,407,457,427,333,353,357,380,355,280,365,0,374,388,332,330,297,339,370,342,131,401,414,395,308,394,403,399,264,428,423,337,381,339,428,431,328,349,353,374,423,372,432,434,284,420,431,473,470,362,459,415,370,328,377,134,459,381,318,302,237,254,305
"101","LITTORAL","NGAMBE",0,0,0,18,0,0,0,10,NA,20,18,17,16,38,35,29,37,46,41,33,27,24,18,0,0,0,7,10,22,18,17,0,10,19,19,0,18,22,20,14,0,25,20,0,21,0,25,15,32,32,16,21,28,0,20,15,15,24,23,23,21,22,41,53,35,53,37,51,42,51,45,30,49,26,30,42,27,6,21,16,27,16,17,0,20,30,21,0,0,0,0,0,17,25,27,27,25,26,29,25,27,30,22,19
"102","LITTORAL","NJOMBE PENJA",0,0,0,82,64,56,122,166,184,0,158,NA,NA,244,221,163,78,200,185,143,152,0,0,0,156,0,98,185,182,90,124,103,0,0,111,136,120,152,132,0,170,153,169,161,182,185,168,195,198,108,0,134,0,155,162,131,109,97,115,145,171,219,229,246,310,183,200,215,214,325,209,186,178,193,176,131,166,163,107,152,134,146,152,159,182,157,142,137,219,192,195,175,128,64,164,134,164,179,132,145,147,159,141,NA
"103","LITTORAL","NKONDJOCK",0,14,0,0,0,0,0,0,27,37,29,0,11,8,14,21,8,8,6,7,29,40,35,28,47,38,28,23,16,0,23,31,15,8,8,0,0,26,16,16,18,14,20,18,26,33,19,27,0,22,19,23,12,24,18,14,0,10,6,0,48,19,21,17,9,13,19,14,15,22,12,21,48,30,20,19,0,15,17,0,14,11,30,20,16,15,10,25,16,26,21,20,16,17,22,13,14,22,20,27,17,31,24,26
"104","LITTORAL","NKONGSAMBA",0,131,0,40,5,26,0,75,22,NA,98,0,55,58,84,89,80,77,100,72,96,83,116,99,32,72,52,76,0,0,57,79,29,69,29,71,NA,NA,77,118,76,110,93,71,125,102,126,125,67,67,89,0,112,84,161,97,93,91,103,65,97,129,174,154,88,97,111,111,113,184,177,63,82,79,126,131,83,77,73,119,77,66,47,66,63,54,47,103,100,112,109,0,100,84,118,31,99,161,21,83,88,0,144,84
"105","LITTORAL","NYLON",0,0,327,332,375,175,161,232,183,171,239,237,219,278,244,225,248,298,264,253,261,270,220,243,162,2,300,246,282,129,260,220,246,319,497,318,571,519,486,574,560,578,501,348,462,493,260,216,294,335,182,270,183,239,263,249,246,231,245,261,361,157,296,293,219,224,212,246,360,283,255,209,227,239,233,243,173,266,317,285,270,335,262,336,232,256,281,322,343,388,305,0,295,262,344,271,307,302,165,234,326,300,367,124
"106","LITTORAL","POUMA",0,0,0,28,25,0,14,44,3,4,21,0,14,0,22,0,34,0,12,20,0,0,19,36,22,0,15,0,0,14,21,16,14,0,0,18,19,16,21,19,17,41,17,16,19,0,14,42,22,25,24,15,0,26,0,23,39,19,12,19,27,22,16,17,22,18,22,34,37,52,32,34,39,36,36,33,38,23,13,33,35,33,26,24,29,26,22,25,29,30,36,42,39,32,33,49,33,36,31,29,29,25,27,29
"107","LITTORAL","YABASSI",0,0,0,0,0,0,0,0,NA,NA,33,47,57,0,26,25,0,20,59,30,46,1,48,29,39,55,71,69,77,69,43,0,0,24,31,22,0,22,7,0,0,17,0,14,24,28,30,37,44,25,17,21,32,55,60,68,34,0,34,37,42,38,0,46,47,60,48,48,47,53,NA,61,62,24,52,36,17,52,32,0,60,58,52,47,39,42,55,41,52,54,36,62,51,61,39,46,35,40,48,42,68,31,22,NA
"108","NORD","BIBEMI",0,53,57,44,123,0,88,66,186,62,15,61,17,21,43,14,7,62,21,26,116,245,80,83,53,303,111,118,310,557,248,212,549,176,236,168,396,231,106,712,325,304,449,475,341,110,427,230,115,194,212,195,56,117,180,42,132,203,173,183,111,113,91,56,210,131,75,131,218,257,171,103,65,64,11,34,51,44,134,64,82,275,370,95,283,167,203,198,193,183,153,377,445,454,295,384,326,127,115,228,189,121,113,29
"109","NORD","FIGUIL",0,0,0,93,0,0,305,303,292,320,271,272,282,234,245,187,64,196,238,59,252,211,271,226,245,342,76,320,422,156,513,783,741,555,700,786,594,510,895,503,566,503,999,655,533,569,243,302,319,236,248,202,141,164,68,74,173,189,173,200,71,167,176,226,192,163,67,98,214,209,164,53,127,74,132,34,179,21,34,103,137,195,187,88,251,293,172,354,107,393,411,449,550,694,766,330,252,50,136,113,132,95,275,200
"110","NORD","GAROUA I",241,48,0,228,371,60,230,196,373,425,203,469,484,200,616,380,141,460,166,337,265,187,284,57,195,169,492,301,751,638,608,520,399,625,502,568,798,605,783,768,834,582,992,574,733,270,233,105,388,224,689,306,259,239,230,359,251,114,276,262,375,78,246,358,162,198,463,173,73,57,130,128,83,119,117,54,94,140,151,159,116,130,136,399,234,444,204,253,548,62,382,371,620,535,979,696,716,618,306,249,182,332,134,84
"111","NORD","GAROUA II",0,0,196,358,374,212,428,379,0,446,331,374,290,360,365,301,277,249,272,236,328,268,319,213,365,422,492,570,595,627,781,799,645,765,709,799,591,766,1071,939,1332,1312,1453,1167,1211,822,0,679,432,354,334,280,314,270,439,375,324,337,396,424,382,322,438,562,525,454,479,357,447,436,310,375,411,359,360,475,333,528,362,506,615,567,375,578,717,822,774,749,730,664,857,658,1042,1415,1275,1250,975,699,425,412,560,475,587,1
"112","NORD","GASCHIGA",0,0,0,0,13,0,34,123,123,9,31,113,9,94,34,39,32,71,16,20,77,174,148,77,174,254,253,211,360,204,85,209,42,252,229,362,151,159,415,388,1051,238,466,220,407,NA,30,369,41,92,74,44,159,60,79,107,35,68,17,134,54,55,54,134,65,73,73,64,92,100,85,36,47,59,31,57,32,44,4,52,50,146,143,40,165,264,244,217,52,172,63,104,319,279,247,142,193,102,54,72,115,71,37,45
"113","NORD","GOLOMBE",0,0,0,47,60,46,62,44,52,47,51,46,50,27,29,41,14,36,26,28,55,48,143,33,37,62,65,39,57,159,209,182,200,128,86,128,172,200,218,216,0,222,223,180,160,153,145,167,56,102,111,63,58,64,47,55,164,26,36,47,44,30,51,61,55,80,65,258,68,67,55,43,42,28,40,38,18,31,39,15,36,67,79,69,192,236,229,200,129,102,225,116,210,219,230,184,285,115,148,132,110,57,71,44
"114","NORD","GUIDER",0,393,362,430,512,500,425,459,399,500,537,495,437,500,472,434,403,401,414,429,509,267,339,463,308,44,455,538,780,904,837,853,1093,961,600,890,1001,1037,1097,192,1253,1095,1220,1247,1218,1071,777,744,595,617,519,452,545,455,458,399,407,390,372,428,371,400,475,513,508,363,482,479,473,454,518,495,487,370,349,321,405,372,418,392,0,625,580,577,0,993,982,70,1107,974,961,1022,1250,1218,1260,1181,77,705,547,522,450,483,496,334
"115","NORD","LAGDO",0,0,40,150,266,289,203,165,367,154,294,159,207,222,149,219,148,135,169,145,295,286,225,307,244,160,473,359,585,506,587,620,806,598,498,567,560,498,371,443,512,1031,913,560,627,630,653,403,364,602,157,284,160,293,310,346,252,262,0,321,319,160,317,333,306,260,274,291,258,404,346,343,312,288,202,236,145,260,208,338,477,936,642,455,685,905,619,705,463,641,949,452,920,583,869,959,784,723,211,329,279,151,253,251
"116","NORD","MAYO OULO",0,22,74,81,82,95,80,73,70,41,41,46,62,66,60,24,22,32,27,0,30,56,48,54,84,120,177,145,141,259,227,185,129,181,108,239,250,172,319,434,472,465,414,304,317,306,327,311,246,140,151,153,161,110,62,88,81,80,48,53,62,57,51,71,61,48,61,78,74,51,80,71,65,83,44,19,14,59,27,54,111,119,91,93,152,153,0,272,158,113,65,258,54,301,217,263,281,124,203,109,120,93,119,23
"117","NORD","NGONG",0,368,290,263,244,392,311,231,230,172,209,209,191,111,180,140,88,175,157,146,2016,297,391,325,230,473,305,398,554,413,550,421,455,303,326,481,418,346,635,727,714,671,665,377,707,NA,448,287,475,220,234,199,285,192,224,253,226,218,190,261,233,184,231,242,263,174,277,304,226,244,191,142,141,0,169,149,188,338,423,311,315,510,439,370,530,750,230,558,411,478,765,979,792,771,943,957,841,595,451,409,358,319,238,292
"118","NORD","PITOA",0,13,78,136,100,106,153,72,163,122,174,135,121,59,93,96,69,101,48,77,139,118,84,88,37,217,192,265,320,777,764,755,670,485,308,327,509,741,522,686,967,554,611,398,446,407,472,181,177,125,128,124,117,88,142,180,164,148,104,83,136,190,197,175,114,161,149,136,0,175,67,100,90,58,69,96,98,134,70,88,82,97,170,119,571,540,572,304,322,212,0,378,558,510,735,430,323,384,339,416,176,204,179,120
"119","NORD","POLI",0,21,105,67,43,161,155,59,79,49,59,0,0,59,97,16,32,52,29,54,331,422,430,157,130,296,136,209,431,174,229,65,204,137,161,189,59,143,188,221,245,146,130,101,98,169,128,74,116,83,92,88,44,95,93,97,86,87,51,62,123,58,140,230,18,131,77,75,60,67,53,74,44,70,32,125,101,384,321,155,214,179,159,122,120,152,215,172,109,171,178,105,174,239,308,263,262,240,92,137,116,111,96,89
"120","NORD","REY BOUBA",0,43,74,82,0,0,104,38,0,55,26,61,69,82,42,47,64,67,29,39,68,70,0,70,70,392,137,154,186,205,292,147,182,378,264,194,361,189,174,190,238,182,220,0,171,289,375,190,132,89,156,73,28,73,53,163,113,79,139,121,71,96,192,125,162,118,132,197,64,137,83,87,76,78,67,83,176,69,216,124,124,198,141,220,146,196,298,164,152,147,146,176,161,321,217,217,248,193,124,169,166,0,143,103
"121","NORD","TCHOLLIRE",0,0,0,39,60,38,0,137,95,91,113,147,121,104,95,105,62,81,107,195,287,218,84,275,235,282,334,295,369,124,131,168,154,210,265,212,227,140,74,192,113,302,243,0,234,178,213,86,133,69,144,92,91,78,120,103,135,124,123,103,94,143,101,128,176,191,163,123,100,114,86,132,122,105,190,146,218,262,134,190,170,315,166,276,188,246,269,188,257,102,200,181,125,369,419,316,435,312,191,155,154,99,154,112
"122","NORD","TOUBORO",0,0,0,0,7,67,45,38,59,73,50,82,28,35,70,57,4,64,32,42,186,407,0,196,130,38,192,55,133,52,30,265,109,60,51,78,45,120,70,73,160,40,152,82,44,79,100,155,203,75,76,68,75,87,70,69,62,104,36,123,64,61,45,48,103,61,104,87,82,76,178,38,62,40,84,113,136,252,89,110,120,116,83,106,98,144,11,41,147,84,123,90,104,37,105,73,208,33,104,177,122,117,62,70
"123","NORD OUEST","AKO",0,0,19,17,24,27,20,27,11,27,12,8,14,10,22,10,18,6,8,9,12,10,22,22,22,29,10,39,27,36,26,36,53,74,48,52,70,45,30,NA,26,30,53,21,30,33,42,61,76,70,NA,29,26,22,29,43,22,21,26,32,38,22,36,49,21,42,54,96,67,41,20,42,40,72,49,65,42,48,32,56,NA,4,35,NA,NA,40,NA,72,55,60,76,NA,NA,65,NA,79,NA,NA,NA,0,NA,NA,NA,NA
"124","NORD OUEST","BAFUT",15,13,25,37,23,12,8,33,49,29,3,27,18,1,11,9,2,32,19,19,49,54,51,53,58,50,22,18,48,29,63,77,54,65,60,45,49,60,36,66,66,69,30,45,55,79,57,44,36,35,38,NA,52,54,58,43,41,16,33,47,36,13,34,44,53,27,47,10,24,33,44,33,45,62,41,73,88,95,58,62,76,84,18,76,69,75,70,89,91,90,39,51,40,47,40,59,61,43,30,61,45,NA,NA,25
"125","NORD OUEST","BALI",44,34,49,67,55,47,56,32,47,30,20,33,24,21,16,38,24,34,36,32,34,32,36,41,29,33,36,38,50,48,44,32,38,36,47,36,45,32,39,35,50,40,44,48,33,57,43,57,42,25,55,NA,40,33,25,31,37,13,21,23,27,46,34,42,45,27,30,30,52,36,27,22,36,50,50,59,45,56,46,43,30,50,47,55,41,37,44,41,47,46,66,27,36,42,37,51,NA,43,28,23,36,44,52,NA
"126","NORD OUEST","BAMENDA",0,111,276,158,201,412,318,214,247,290,276,156,204,250,227,191,202,284,198,472,185,263,245,298,293,294,262,227,308,217,255,276,259,286,264,233,281,289,287,240,291,341,256,339,340,380,514,325,208,268,291,163,198,330,376,260,266,290,375,213,226,286,274,289,235,332,266,369,369,329,346,277,331,401,273,358,289,228,206,384,293,256,268,301,335,324,288,377,392,322,325,219,257,249,228,266,311,307,309,195,271,225,NA,NA
"127","NORD OUEST","BATIBO",0,9,24,32,41,34,32,38,41,43,72,53,52,57,51,61,51,51,59,41,60,51,80,68,57,61,62,51,67,62,59,59,61,62,51,49,58,61,56,59,58,58,58,88,60,61,59,58,60,NA,NA,NA,60,63,59,57,51,59,60,59,61,58,58,51,51,60,57,56,59,61,59,62,59,61,59,64,61,58,59,60,62,65,60,61,58,65,59,62,60,67,65,62,66,69,66,67,68,62,61,62,62,66,NA,67
"128","NORD OUEST","BENAKUMA",3,3,3,11,3,4,19,14,16,26,38,44,44,51,54,20,13,44,36,17,41,31,18,83,31,16,27,23,64,32,64,24,26,40,59,36,32,41,27,43,42,39,43,33,58,68,60,44,41,41,33,23,21,29,53,36,31,30,25,37,50,52,78,82,61,43,40,67,64,40,51,47,34,20,21,NA,10,16,31,18,0,31,40,21,33,NA,28,34,NA,NA,NA,20,NA,NA,37,NA,36,22,59,22,39,NA,NA,NA
"129","NORD OUEST","FUNDONG",113,87,81,130,131,169,149,148,111,77,121,93,52,74,37,27,158,70,60,70,78,56,25,48,83,115,57,110,100,139,84,143,134,142,85,157,167,214,121,148,112,125,128,150,154,139,205,141,73,15,NA,NA,133,187,184,118,94,109,112,92,117,80,90,108,64,19,17,30,36,36,97,150,77,75,70,67,93,71,75,68,113,125,33,98,111,101,141,185,229,248,248,50,19,39,33,36,NA,NA,NA,36,NA,NA,NA,NA
"130","NORD OUEST","KUMBO EAST",223,249,249,265,187,237,244,196,222,115,133,199,217,237,259,276,260,216,257,143,253,195,231,276,281,417,136,185,210,200,167,197,248,225,163,211,190,172,185,159,241,263,233,210,219,141,262,277,154,156,189,115,118,176,189,150,164,213,218,225,228,223,280,314,266,253,214,245,164,283,299,277,301,355,267,302,301,231,213,234,223,217,136,234,232,233,259,199,228,246,228,163,220,236,226,243,227,246,275,266,119,163,64,105
"131","NORD OUEST","KUMBO WEST",44,48,120,124,103,79,63,120,120,118,141,126,120,132,129,113,159,119,155,131,98,128,118,142,150,139,143,134,163,194,141,133,112,133,94,111,122,100,88,97,122,134,145,115,133,156,117,101,117,95,88,73,83,66,81,38,47,58,75,69,61,34,52,63,47,53,66,48,65,60,64,52,58,74,76,99,64,72,67,68,70,78,81,63,45,84,72,82,85,82,69,65,55,63,61,55,85,68,69,62,47,NA,NA,NA
"132","NORD OUEST","MBENGWI",28,32,13,8,58,0,8,27,27,12,3,10,21,16,18,13,12,29,12,6,4,12,8,9,15,3,9,13,19,7,34,12,8,3,12,22,8,14,16,5,4,5,17,12,9,12,18,4,NA,6,NA,3,0,8,0,0,8,6,6,8,6,14,8,14,16,17,16,14,15,18,16,14,28,11,18,9,12,11,15,9,5,16,2,20,18,22,31,18,NA,46,12,15,25,22,20,30,21,NA,18,NA,18,NA,NA,20
"133","NORD OUEST","NDOP",81,86,120,174,159,235,193,230,242,206,186,249,250,212,361,277,321,285,348,295,332,323,400,474,541,596,438,378,382,326,288,257,274,265,274,216,180,176,201,57,163,238,139,135,191,162,278,137,118,129,79,64,132,121,129,97,136,159,136,158,158,178,85,210,206,165,240,239,449,314,351,306,708,767,413,620,582,482,182,365,408,406,219,260,286,NA,229,128,81,230,207,107,136,272,152,142,185,142,97,82,100,117,108,NA
"134","NORD OUEST","NDU",0,16,68,28,27,29,18,79,48,24,53,22,14,35,38,42,55,43,14,53,59,57,49,42,68,50,46,81,68,65,75,61,107,89,124,99,110,73,67,56,109,133,118,136,98,120,107,75,66,62,65,53,60,69,28,77,73,78,61,88,87,72,98,89,65,62,78,110,106,107,90,88,146,99,131,125,99,113,97,74,105,86,109,98,132,102,141,162,169,159,175,126,167,155,93,150,150,156,167,121,100,101,99,82
"135","NORD OUEST","NJIKWA",11,13,10,12,15,16,23,15,8,12,12,15,7,11,6,6,9,6,14,16,24,14,18,10,13,13,17,11,14,21,6,39,25,28,17,21,25,19,21,17,12,5,13,9,19,39,43,32,0,NA,NA,NA,5,6,11,2,1,0,4,9,8,9,3,12,3,7,9,0,9,7,3,7,4,3,6,4,4,0,0,5,9,1,1,3,1,8,7,1,0,9,12,4,4,5,2,NA,NA,NA,NA,NA,NA,NA,0,NA
"136","NORD OUEST","NKAMBE",33,40,100,88,106,79,68,59,31,80,123,99,87,50,166,38,117,76,29,125,161,185,126,101,232,272,153,130,133,155,269,252,324,285,222,149,160,146,160,120,90,156,43,184,171,350,267,234,125,51,55,48,151,186,90,145,164,45,59,80,109,7,150,168,154,139,186,197,204,217,197,261,110,121,58,105,58,144,106,91,127,147,99,80,88,121,161,123,93,192,97,67,107,166,NA,49,NA,NA,101,81,106,NA,NA,NA
"137","NORD OUEST","NWA",10,15,20,20,13,12,14,15,21,32,18,16,22,13,69,69,41,82,8,61,38,16,8,103,99,69,47,70,38,75,31,10,33,64,12,22,12,19,23,45,47,84,74,30,119,113,82,81,87,21,29,NA,64,55,73,37,32,71,34,27,29,21,77,131,55,98,92,115,62,78,150,69,120,129,145,138,91,105,112,121,104,95,82,142,121,114,112,42,43,NA,82,59,100,83,100,72,129,160,123,139,120,NA,NA,NA
"138","NORD OUEST","OKU",0,0,0,13,19,28,46,46,54,41,29,45,52,26,53,48,48,41,63,56,59,57,56,43,67,51,55,79,74,92,69,74,79,94,86,77,91,66,90,60,93,72,74,77,101,148,212,104,139,110,NA,NA,94,111,98,62,57,56,59,31,41,73,76,78,60,51,54,51,68,84,54,51,68,60,39,42,59,82,60,88,20,80,75,78,97,112,102,117,139,149,142,73,141,153,175,169,165,129,129,145,42,NA,NA,NA
"139","NORD OUEST","SANTA",0,0,0,120,94,110,78,94,66,53,85,84,81,76,78,88,77,95,73,92,59,54,63,51,94,101,75,111,87,85,64,34,55,58,40,54,46,35,41,25,35,30,35,20,42,31,30,25,32,50,36,53,50,40,31,39,20,28,23,33,24,36,30,44,29,55,51,44,70,51,62,78,159,149,150,129,107,89,71,76,90,79,79,76,78,57,43,57,56,57,61,58,32,81,31,23,21,36,36,19,36,32,34,39
"140","NORD OUEST","TUBAH",0,0,60,44,98,76,29,69,46,27,29,21,49,13,78,38,44,37,33,51,56,20,32,48,70,68,49,58,75,65,43,50,32,27,31,28,29,33,28,23,25,32,31,26,44,48,61,69,65,51,41,30,42,52,37,22,18,22,28,23,17,22,29,34,37,41,50,35,46,51,61,36,54,60,60,87,63,67,52,50,72,72,54,63,93,81,51,49,73,92,59,65,40,43,50,38,34,42,32,48,32,30,58,NA
"141","NORD OUEST","WUM",45,54,62,52,71,74,88,67,89,56,64,46,74,97,90,67,101,71,91,79,51,83,70,99,69,103,77,128,139,150,207,131,224,198,141,111,100,62,79,117,126,158,113,138,163,203,185,240,167,93,124,140,96,106,100,77,79,64,75,79,64,134,82,103,106,108,102,83,124,114,91,104,90,125,86,78,108,136,73,75,75,37,73,126,72,54,93,166,NA,171,170,110,108,107,NA,158,141,NA,NA,150,NA,152,NA,NA
"142","OUEST","BAFANG",92,126,69,144,128,94,122,102,131,107,105,95,148,86,90,121,102,82,94,66,76,96,55,65,110,71,102,124,60,53,62,66,89,56,72,82,73,104,98,77,97,77,61,45,55,38,54,62,40,38,NA,46,34,59,60,58,57,54,57,63,34,78,62,70,51,34,85,79,85,102,87,83,79,87,75,73,78,91,84,97,110,86,84,82,69,100,54,85,119,128,84,77,87,10,85,83,84,67,78,81,78,75,81,85
"143","OUEST","BAHAM",45,45,94,94,85,36,50,84,76,45,84,54,64,62,88,NA,60,NA,NA,NA,NA,20,NA,50,61,33,NA,50,NA,54,19,38,28,16,13,37,34,44,37,37,45,23,20,23,26,32,36,21,11,12,25,23,19,37,32,24,31,21,23,23,29,43,33,51,33,41,28,37,74,55,54,44,44,47,49,52,81,48,64,63,34,55,37,61,32,51,30,36,52,NA,34,37,16,48,NA,51,36,61,51,39,30,NA,NA,NA
"144","OUEST","BAMENDJOU",91,43,51,45,71,76,78,59,64,35,28,22,80,51,42,37,45,37,49,13,48,42,38,54,52,68,40,24,65,40,39,35,27,39,31,24,54,47,36,40,29,33,34,51,27,71,56,53,50,37,59,30,22,41,47,47,41,60,51,62,38,50,44,27,39,42,40,40,47,53,43,45,34,44,34,37,40,28,22,28,46,47,40,31,46,8,35,21,47,60,41,34,40,38,45,31,50,46,37,44,29,26,52,36
"145","OUEST","BANDJA",20,49,35,73,34,15,41,21,46,34,28,41,42,16,33,26,41,19,35,35,27,30,24,46,44,26,20,31,0,20,8,41,25,15,14,31,40,25,39,45,25,41,22,32,20,20,21,57,33,32,19,21,18,25,36,27,20,19,27,25,28,17,34,30,31,18,22,21,32,29,22,20,32,26,22,18,22,26,25,30,23,25,21,26,12,25,11,19,22,27,23,34,23,12,32,22,25,24,24,27,28,0,40,32
"146","OUEST","BANDJOUN",97,110,115,115,62,98,119,113,124,103,120,139,116,118,117,132,130,117,125,69,102,91,81,149,43,165,87,191,26,63,27,124,121,70,101,122,84,68,71,45,98,45,159,63,52,45,101,21,63,63,67,NA,78,93,15,89,14,78,87,72,77,87,119,68,117,96,48,106,53,104,49,105,30,87,87,39,91,22,54,44,98,49,8,97,105,97,58,95,105,71,32,69,7,111,95,43,89,99,61,68,72,73,75,47
"147","OUEST","BANGANGTE",99,135,201,144,176,135,142,142,122,93,138,138,128,133,149,128,132,138,117,118,140,145,125,150,180,135,109,139,125,115,109,69,76,116,61,87,87,88,96,84,89,73,99,74,86,109,96,142,110,96,133,124,0,92,137,100,0,61,96,124,49,93,78,141,121,126,111,167,182,123,138,157,201,78,153,204,138,167,130,128,114,119,121,144,116,124,98,88,79,115,15,85,88,102,90,107,96,100,70,124,134,157,93,101
"148","OUEST","BANGOURAIN",42,66,72,72,69,54,71,78,64,66,43,43,41,54,67,67,82,77,75,59,145,136,107,86,111,122,140,115,82,145,134,97,99,95,65,91,54,60,57,55,59,69,88,87,90,79,56,108,95,89,57,43,58,42,64,63,47,67,58,47,63,73,74,112,114,117,133,186,204,213,147,243,417,311,254,164,228,225,212,248,138,124,182,135,127,160,4,110,94,135,125,104,85,118,147,108,95,110,99,98,82,39,42,110
"149","OUEST","BATCHAM",42,41,53,NA,6,NA,59,59,67,33,33,26,35,34,27,29,22,59,35,38,24,22,28,52,42,36,27,48,36,25,49,45,33,21,19,26,32,27,51,22,19,33,36,57,NA,44,53,32,61,42,14,24,38,56,58,42,46,71,52,68,66,43,68,78,72,71,32,41,54,62,36,46,35,26,38,41,37,43,44,24,29,39,61,42,48,37,27,15,32,38,35,39,21,29,38,25,29,41,NA,45,23,23,14,22
"150","OUEST","DSCHANG",40,118,344,289,135,125,70,148,204,133,155,292,216,173,113,90,102,107,114,200,145,230,NA,69,195,185,79,146,190,153,146,143,84,135,109,159,112,132,156,185,110,206,188,196,167,164,96,118,146,NA,154,107,84,147,NA,159,59,156,163,164,167,190,156,203,151,182,157,211,155,154,88,105,162,129,60,168,138,130,152,110,137,145,146,148,96,156,86,168,129,197,175,205,164,159,89,210,101,120,158,52,209,144,152,169
"151","OUEST","FOUMBAN",160,236,197,215,177,184,268,138,255,134,248,248,174,140,183,156,192,300,261,370,507,308,231,360,345,315,466,218,303,105,145,195,169,151,62,82,194,113,183,145,222,61,135,NA,226,227,91,61,146,230,100,170,95,161,217,221,35,71,207,238,88,275,249,183,222,234,174,226,315,169,385,232,577,225,260,434,418,563,185,398,288,326,265,181,163,105,262,239,179,269,127,193,244,282,153,67,200,210,185,137,143,128,106,199
"152","OUEST","FOUMBOT",131,118,142,99,51,0,99,146,145,97,124,140,138,124,187,81,177,131,187,111,34,159,235,214,208,195,45,141,144,28,116,126,109,90,21,67,89,24,16,47,101,66,128,NA,66,104,1,61,28,31,55,67,74,25,53,67,58,76,76,107,109,58,139,156,101,126,174,181,234,225,186,177,53,180,31,195,126,116,99,169,150,146,143,161,0,130,83,72,114,85,66,71,65,73,139,126,121,127,113,113,113,61,139,40
"153","OUEST","GALIM",29,22,28,17,28,6,20,25,37,22,16,14,18,26,19,40,30,30,44,21,46,25,68,91,65,97,38,40,24,50,25,37,30,37,41,38,NA,NA,44,14,20,27,37,0,22,2,1,27,23,24,26,NA,16,35,27,34,28,25,18,22,11,9,26,18,38,14,33,31,32,27,25,67,96,73,65,115,131,105,93,123,151,124,82,131,NA,NA,85,42,80,38,58,66,58,95,102,89,108,101,0,55,69,80,47,32
"154","OUEST","KEKEM",20,26,25,19,15,22,0,20,16,15,21,22,21,51,45,49,40,50,52,45,73,59,44,61,67,64,38,64,48,50,44,31,24,31,24,31,25,23,30,23,32,21,24,35,31,24,40,30,36,49,62,62,39,33,29,40,28,25,28,27,38,46,44,35,46,36,38,38,37,31,50,31,41,43,36,21,37,45,46,39,43,32,43,51,48,41,25,40,44,42,60,33,42,30,45,47,52,61,NA,62,44,48,46,33
"155","OUEST","KOUOPTAMO",35,7,41,26,22,11,37,30,32,29,41,36,51,56,48,75,97,52,NA,64,65,42,83,82,8,72,55,52,7,52,75,49,90,48,56,NA,79,NA,32,40,NA,NA,NA,34,35,56,60,61,47,65,20,41,50,48,NA,19,42,19,37,35,29,71,79,110,93,104,83,77,81,83,49,100,78,21,200,115,137,126,72,94,22,53,33,69,52,32,47,51,22,NA,24,30,15,94,70,35,33,55,51,8,76,60,55,71
"156","OUEST","MALENTOUEN",35,198,132,75,162,75,116,141,301,68,159,141,104,185,146,96,121,216,230,250,210,244,249,202,317,87,169,122,205,85,105,95,101,108,95,85,135,212,112,120,85,211,118,NA,NA,95,127,201,95,97,75,NA,87,205,195,112,130,135,122,105,145,124,70,205,115,102,250,206,125,104,112,113,185,195,123,202,185,180,95,102,230,124,113,211,112,103,102,135,185,210,186,NA,199,186,205,124,285,265,265,186,NA,NA,NA,321
"157","OUEST","MASSANGAM",60,47,44,59,41,23,38,52,50,24,50,37,34,52,56,54,81,99,116,55,82,68,94,NA,NA,NA,66,52,NA,NA,NA,NA,68,48,47,51,NA,52,34,30,41,62,NA,NA,85,64,81,70,39,86,38,17,63,51,38,79,121,48,48,47,50,47,55,77,82,70,100,94,123,148,47,161,138,119,59,87,87,89,62,94,126,80,67,82,58,49,30,22,29,45,25,44,38,73,104,72,93,49,106,36,59,41,58,26
"158","OUEST","MBOUDA",150,177,198,267,237,203,173,232,301,203,173,213,137,172,175,171,178,209,130,131,174,183,205,183,205,172,157,158,94,156,156,122,53,28,115,88,122,96,52,52,79,184,128,NA,131,169,188,158,214,180,149,119,108,145,164,181,174,194,233,173,167,171,189,162,153,152,158,169,188,180,121,140,147,144,133,238,189,206,173,205,89,256,209,178,190,266,186,187,250,174,204,195,171,229,193,183,201,179,67,157,112,169,150,141
"159","OUEST","MIFI",225,259,304,330,367,565,1494,514,304,466,179,197,470,340,397,504,513,386,435,322,228,248,318,524,451,415,663,535,403,375,372,439,375,431,431,366,327,339,324,327,414,406,405,456,437,326,381,357,407,387,407,327,375,317,331,314,390,408,392,445,376,380,406,427,405,447,454,446,417,444,150,153,139,139,152,159,171,157,272,262,446,388,451,275,402,33,407,344,328,378,285,410,26,369,396,366,94,388,335,336,327,22,381,19
"160","OUEST","PENKA MICHEL",42,42,65,71,68,71,51,61,74,67,56,55,45,53,49,33,45,38,75,23,48,34,67,40,73,49,57,40,62,40,30,47,44,18,48,39,63,56,53,33,48,51,70,48,53,40,40,91,70,68,55,47,27,54,68,82,47,54,50,52,26,56,55,72,65,52,55,51,59,71,59,27,61,51,85,75,85,66,81,55,76,71,55,52,97,73,79,39,45,66,101,69,66,65,68,54,80,89,92,120,80,108,99,41
"161","OUEST","SANTCHOU",65,94,81,47,49,56,57,70,66,57,60,64,51,69,46,47,54,47,55,53,50,35,35,46,60,64,0,46,52,34,47,58,60,50,55,47,54,46,38,24,42,36,52,75,57,25,57,72,46,72,57,51,43,59,45,43,26,41,36,38,30,40,54,51,71,52,56,58,51,45,41,66,55,63,42,57,57,68,29,53,59,55,77,63,92,22,29,53,49,82,32,50,50,53,55,38,45,51,86,68,49,74,66,56
"162","SUD","AMBAM",63,10,87,61,46,58,58,64,10,80,43,66,44,58,41,48,61,25,67,39,7,105,20,78,25,9,72,34,22,81,77,46,80,13,4,38,12,60,50,14,4,11,23,12,19,52,8,40,22,30,3,16,20,51,61,61,55,48,3,13,73,50,10,11,30,24,73,62,15,77,6,28,43,344,112,81,100,25,96,120,34,79,89,64,0,49,104,117,80,76,86,107,113,126,26,92,91,0,86,69,20,120,19,46
"163","SUD","DJOUM",0,3,7,4,2,8,9,5,18,8,1,11,10,12,19,18,20,5,29,12,22,17,32,18,13,28,15,35,43,23,10,5,18,20,42,22,24,24,26,11,23,18,13,21,9,9,55,12,8,24,16,19,13,39,31,29,30,20,27,37,31,45,37,46,37,23,68,62,60,42,30,49,33,51,85,97,103,87,44,56,64,64,33,22,9,7,22,24,29,46,42,16,16,15,32,30,19,30,35,19,5,7,17,25
"164","SUD","EBOLOWA",1,43,6,4,83,0,39,46,28,51,52,25,23,32,24,32,74,44,33,77,48,32,96,53,84,32,79,94,16,52,62,13,30,32,42,41,3,26,20,0,21,28,75,41,2,24,57,74,339,19,21,2,0,10,53,51,48,47,54,53,81,57,29,38,66,74,49,41,73,123,3,41,39,150,34,47,58,36,70,39,26,95,135,9,4,27,139,2,8,0,11,91,43,49,83,86,12,87,33,31,34,26,12,53
"165","SUD","KRIBI",252,252,341,296,107,207,73,95,28,181,63,71,56,55,57,39,159,47,59,49,63,63,67,56,58,59,57,43,63,62,51,39,59,61,62,61,67,67,65,59,56,62,66,57,32,39,63,39,57,86,61,56,165,175,187,191,36,54,46,54,56,68,46,51,65,56,46,75,66,63,56,66,56,44,55,64,63,54,56,37,48,61,64,58,64,88,62,58,64,52,44,68,55,64,44,70,118,48,100,66,72,64,44,48
"166","SUD","LOLODORF",34,43,35,50,33,30,23,16,17,22,20,22,21,11,5,13,42,4,14,3,9,4,6,11,9,9,2,8,8,32,25,5,4,6,4,3,3,3,3,13,4,3,4,17,6,8,6,7,3,6,10,NA,13,6,7,17,12,9,19,6,16,10,11,10,14,10,14,9,33,41,21,11,14,11,12,24,8,19,5,5,5,29,32,14,12,7,8,11,16,6,6,21,19,17,8,22,6,9,17,11,10,0,0,NA
"167","SUD","MEYOMESSALA",51,38,126,51,109,35,34,15,17,27,32,27,28,9,20,13,113,59,32,39,30,35,59,40,32,67,55,68,79,95,22,45,66,47,43,38,33,35,26,23,17,11,19,25,35,38,31,8,15,11,17,19,20,8,8,23,11,20,13,26,8,39,42,46,60,60,79,89,64,57,136,77,114,126,79,135,71,122,18,25,45,29,43,70,46,52,28,56,39,40,61,54,39,48,33,57,67,61,49,59,61,57,51,41
"168","SUD","MVANGAN",0,0,0,33,0,0,0,0,0,0,0,0,0,12,10,13,9,15,39,11,11,NA,57,73,60,114,11,10,6,20,11,11,5,11,6,11,12,18,22,3,5,4,2,6,NA,NA,NA,NA,NA,NA,NA,NA,20,37,33,34,13,14,13,13,19,18,17,18,15,15,5,16,12,25,13,9,NA,13,15,24,35,10,22,32,4,23,29,10,37,13,16,17,11,15,7,23,18,17,NA,16,14,18,24,48,49,32,19,15
"169","SUD","OLAMZE",62,41,44,46,37,40,33,21,43,27,10,36,40,33,29,32,38,35,45,31,47,31,36,26,43,37,49,39,42,54,52,61,38,57,48,33,32,22,44,32,31,30,21,27,28,32,41,31,44,49,21,46,32,37,30,37,27,35,32,39,19,12,17,28,16,17,25,28,43,44,43,35,45,45,58,37,36,38,28,12,54,27,25,37,42,37,5,37,21,33,29,20,25,24,27,15,27,22,25,19,23,35,27,16
"170","SUD","SANGMELIMA",10,20,41,48,19,18,17,48,19,24,29,24,21,28,9,20,44,8,41,29,128,48,73,125,22,94,99,108,139,86,84,90,95,164,96,141,123,138,92,109,152,154,101,155,107,155,180,154,184,120,164,67,135,188,136,160,177,123,135,140,147,136,213,160,227,188,190,133,169,155,117,131,163,163,133,102,185,167,148,137,114,142,144,122,107,98,148,58,130,85,32,129,182,132,101,78,149,148,120,91,135,180,87,74
"171","SUD","ZOETELE",21,39,27,16,24,10,14,14,14,9,21,15,17,20,12,15,19,42,40,26,32,35,49,44,47,13,50,69,27,67,45,52,33,52,53,25,17,44,50,25,29,36,45,43,23,44,30,62,32,19,30,34,46,59,40,62,50,44,40,42,49,135,39,17,25,32,65,79,80,96,147,11,137,105,63,91,67,94,75,53,34,28,49,36,40,65,39,48,48,52,23,49,63,39,55,57,53,16,24,57,19,29,40,19
"172","SUD OUEST","AKWAYA",0,0,0,0,0,0,0,0,0,0,0,0,0,0,0,0,0,0,0,0,0,0,0,NA,0,0,0,0,0,5,0,0,0,0,0,0,7,12,15,6,10,10,11,16,3,15,10,22,18,10,12,NA,8,8,10,13,15,13,15,8,7,25,20,21,21,20,22,28,12,24,19,21,29,21,26,21,0,0,10,19,19,10,0,19,21,16,19,21,19,12,15,21,15,12,25,18,22,23,20,18,11,21,13,16
"173","SUD OUEST","BAKASSI",0,0,0,7,6,7,0,0,0,0,0,6,4,3,5,4,3,5,5,3,6,4,1,5,3,7,6,7,6,5,4,4,8,4,3,4,8,7,6,7,8,8,7,8,6,8,8,6,0,7,NA,NA,6,8,8,7,5,4,5,7,6,7,6,5,6,5,7,7,5,9,8,6,8,7,6,3,10,11,9,6,7,10,0,9,5,7,10,9,10,11,7,11,10,8,11,13,8,8,8,5,8,9,8,10
"174","SUD OUEST","BANGEM",11,13,17,12,32,13,18,14,3,11,9,13,9,16,11,17,11,18,13,21,19,22,17,23,20,28,27,32,14,11,22,19,27,17,16,25,21,63,28,36,42,32,40,22,4,31,31,27,14,33,18,26,24,0,40,37,27,45,28,36,33,37,37,46,42,22,29,41,39,33,34,42,36,34,41,13,45,35,35,30,23,30,0,44,35,34,26,34,12,9,10,25,9,11,17,15,18,11,17,14,20,25,18,21
"175","SUD OUEST","BUEA",0,0,17,121,17,247,261,314,188,257,184,337,385,243,360,76,1333,367,50,316,256,342,495,513,507,485,212,90,250,268,298,188,237,224,179,240,315,272,213,178,270,244,314,243,348,467,443,407,273,279,NA,NA,283,256,185,131,406,120,69,281,445,211,128,101,513,403,130,541,134,434,430,507,405,462,269,147,193,194,116,209,151,330,0,404,282,253,448,94,163,114,365,495,259,231,416,382,96,330,195,331,476,398,198,129
"176","SUD OUEST","EKONDO TITI",5,97,0,127,88,80,58,59,49,115,6,79,62,140,91,10,99,10,89,62,80,94,87,118,122,135,34,101,130,47,82,30,66,42,111,40,102,136,69,95,118,122,91,110,83,107,68,77,0,114,82,74,70,121,107,92,43,79,70,76,102,75,89,112,99,66,83,133,110,34,101,93,56,105,109,122,88,100,122,130,85,178,0,173,89,76,95,75,96,140,156,95,114,114,124,165,119,63,80,68,80,98,77,68
"177","SUD OUEST","EYUMODJOCK",39,33,32,51,46,40,45,53,67,17,52,174,107,91,79,0,0,0,40,57,71,2,20,10,77,51,45,83,54,63,22,49,60,57,71,60,76,69,55,60,62,52,29,72,71,69,55,69,68,69,72,NA,36,65,60,55,46,56,49,49,73,74,75,75,79,33,71,108,135,86,99,104,81,57,96,59,69,50,72,70,72,67,0,71,50,80,52,71,21,33,112,52,76,64,56,60,50,45,31,39,48,42,40,54
"178","SUD OUEST","FONTEM",18,16,19,50,5,26,12,45,46,80,49,61,57,70,32,59,67,71,41,0,0,48,16,46,78,70,48,52,47,68,50,30,47,14,21,46,47,63,27,40,79,74,64,59,55,62,75,72,56,13,23,28,50,37,49,38,29,42,32,49,52,41,37,58,47,45,54,47,141,82,73,55,57,34,56,83,54,65,70,109,86,72,0,38,35,60,39,30,52,24,42,4,16,23,12,31,21,32,23,39,27,35,40,23
"179","SUD OUEST","KONYE",78,49,45,42,4,42,40,45,47,0,0,29,32,32,29,29,5,43,38,42,48,42,41,43,38,41,42,39,43,35,41,38,35,32,40,32,43,44,46,46,41,42,44,39,42,44,NA,NA,NA,NA,NA,NA,46,0,38,38,32,41,86,31,36,37,44,36,32,31,34,31,32,32,31,34,32,28,26,32,38,32,56,31,29,31,NA,25,30,33,64,29,22,19,27,34,29,32,39,29,31,29,28,34,24,32,36,29
"180","SUD OUEST","KUMBA",0,0,22,49,387,128,340,100,253,0,276,264,298,111,265,371,307,94,366,87,297,61,120,352,437,459,357,368,505,455,366,600,632,627,774,666,523,538,683,715,865,934,669,798,640,576,589,794,282,461,451,NA,750,488,370,766,443,469,597,789,698,546,649,599,731,339,142,336,375,318,654,555,544,569,271,396,504,440,100,425,516,753,0,504,785,781,761,597,566,78,736,554,630,482,610,602,648,201,302,570,419,624,584,436
"181","SUD OUEST","LIMBE",19,76,302,302,368,403,318,298,233,333,44,318,267,455,664,259,711,368,579,249,548,383,487,233,451,479,384,459,50,23,352,435,408,323,335,309,38,441,320,386,500,422,440,455,181,351,362,515,175,222,35,27,205,483,290,145,228,195,230,284,552,338,282,195,466,365,216,283,52,51,369,31,429,217,31,212,194,458,260,319,307,334,0,361,276,260,210,134,31,28,332,326,332,205,372,266,35,235,302,205,326,302,339,218
"182","SUD OUEST","MAMFE",19,34,43,78,156,87,107,113,136,48,56,82,105,46,128,83,69,9,45,38,66,92,35,202,70,45,114,97,99,0,40,62,163,186,132,103,129,98,83,140,208,171,179,113,126,82,165,104,83,62,90,40,109,112,130,137,73,94,82,174,153,161,152,173,286,249,202,148,177,212,204,205,172,162,137,20,137,173,112,88,66,107,0,170,140,100,134,110,141,190,168,181,131,174,223,200,131,77,82,110,71,201,80,151
"183","SUD OUEST","MBONGE",1,18,12,32,11,24,24,26,20,25,0,16,17,41,22,32,1,26,31,0,16,5,8,9,16,3,6,12,31,22,19,227,105,109,72,94,89,106,225,26,25,28,44,28,26,31,0,95,16,31,NA,NA,137,63,53,72,242,27,28,36,42,2,45,22,34,20,22,75,79,77,24,30,17,39,55,150,126,47,67,81,84,56,0,81,108,12,88,147,117,78,87,56,96,93,95,83,76,137,122,89,98,172,56,66
"184","SUD OUEST","MUNDEMBA",2,11,0,15,20,3,24,18,15,32,32,29,31,8,0,0,31,63,12,25,43,37,16,39,24,22,20,60,0,0,0,44,47,42,16,13,16,14,18,19,29,38,43,44,4,36,36,60,38,11,NA,NA,18,8,14,20,23,22,69,59,72,37,67,24,79,39,3,54,36,36,50,35,41,42,32,2,38,32,9,20,57,31,0,8,24,23,36,20,29,36,39,23,39,38,42,61,19,22,23,15,1,6,1,3
"185","SUD OUEST","MUYUKA",0,545,417,331,422,10,6,12,2,281,458,368,238,393,14,6,338,320,297,311,354,0,19,354,289,270,323,50,335,291,268,334,233,320,347,343,330,0,373,445,248,336,0,390,360,408,419,419,403,312,271,NA,231,358,376,342,65,353,107,342,362,386,67,384,381,388,328,388,414,303,461,353,314,341,352,382,377,330,102,409,429,519,0,479,434,359,422,402,378,486,505,400,424,475,389,364,383,379,321,378,391,390,288,291
"186","SUD OUEST","NGUTI",0,9,20,27,46,37,42,9,6,3,30,18,42,45,0,9,12,26,23,4,12,14,16,27,36,14,10,64,44,35,25,29,77,102,46,13,25,5,29,18,26,20,48,65,68,41,43,23,47,64,27,13,19,37,31,49,28,42,42,21,32,66,51,65,38,67,57,40,52,73,67,71,47,62,44,48,42,40,49,40,32,33,0,32,33,40,38,36,20,27,28,34,21,14,8,11,7,24,27,25,15,25,25,28
"187","SUD OUEST","TIKO",0,0,310,375,315,161,67,275,363,373,0,269,419,266,478,368,369,446,342,166,160,304,200,289,293,320,260,263,116,364,175,244,191,304,350,291,286,381,286,300,340,287,283,273,244,372,325,379,193,243,346,275,315,390,358,406,335,322,287,337,364,409,381,347,394,447,381,251,373,405,420,449,422,363,357,332,354,300,281,304,234,813,0,430,432,319,373,359,409,313,383,290,391,272,407,258,440,345,138,312,306,281,399,269
"188","SUD OUEST","TOMBEL",7,27,34,0,0,0,4,6,34,52,0,16,0,116,55,103,87,72,80,97,85,74,81,104,126,116,0,7,130,160,143,66,159,143,151,56,189,187,151,173,178,136,123,136,34,32,57,28,NA,NA,NA,NA,78,105,94,79,58,77,62,18,96,62,43,10,87,47,15,41,83,93,119,103,107,113,101,88,86,97,53,56,108,0,0,39,58,85,52,59,131,118,62,177,55,80,49,32,52,15,87,5,35,52,117,25
"189","SUD OUEST","WABANE",0,4,5,3,8,10,9,7,6,0,0,0,0,0,112,50,75,0,77,40,8,6,8,0,0,0,0,5,10,5,0,1,2,3,1,4,23,15,8,13,7,8,5,3,NA,NA,NA,NA,NA,NA,NA,NA,1,2,1,0,2,8,6,6,10,8,5,6,5,8,10,9,11,7,8,5,9,7,5,0,13,16,14,13,15,12,0,5,7,11,14,16,6,6,12,9,7,15,15,11,10,0,10,9,11,9,10,12
