ADAMAOUA,BANKIM,1,0,7,2,7,1,1,4,3,4,8,4,3,0,1,1,2,2,0,1,1,0,5,6,1,0,7,2,1,0,1,2,1,1,2,0,8,4,2,0,1,3,3,1,0,2,4,9,2,0,NA,NA,1,0,4,7,NA,6,0,5,11,3,1,5,0,6,2,0,12,2,3,2,12,0,7,1,27,7,6,14,16,9,19,13,16,4,2,5,16,0,0,4,7,5,8,20,8,13,3,11,7,7,11,9,0,2,3,1,0,4,10,10,2,2,3,1,2,0,1,4,0,2,6,0,2,3,3,0,2,0,0,0,0,0,0,5,0,0,3,4,0,0,3,0,0,0,0,3,11,6,0,0,1,1,2,9,NA,7,2,14,8,3,0,7,7,6,4,0,2,2,1,4,4,3,0,2,1,4,1,0,5,NA,3,0,11,3,7,1,0,7,6,0,0,3,8,0,7,NA,NA,NA,0,8,15,0,0,5,2,7
ADAMAOUA,BANYO,0,NA,2,NA,5,0,1,0,0,0,0,NA,0,1,1,0,0,NA,0,NA,0,0,1,0,0,0,NA,0,0,0,2,0,1,NA,4,0,0,0,0,0,0,0,0,0,0,0,0,0,0,14,20,NA,0,0,0,12,3,3,1,0,0,0,0,3,0,0,0,0,0,0,0,0,0,0,0,0,0,0,0,0,4,0,0,0,0,0,0,0,0,NA,0,0,0,2,6,14,12,13,8,0,5,0,0,0,0,0,3,15,0,7,0,0,11,0,0,0,0,0,4,1,1,2,0,0,0,17,3,0,0,0,0,0,1,1,4,0,0,3,0,4,0,8,0,0,0,8,2,3,0,0,0,0,0,0,0,0,0,0,0,5,19,10,10,29,9,11,16,20,6,20,22,4,9,7,15,0,4,14,5,11,9,10,8,12,6,0,3,5,1,9,4,9,11,11,NA,15,9,11,NA,7,13,0,22,3,13,14,3,NA
ADAMAOUA,DJOHONG,3,4,1,2,0,0,1,1,0,1,1,0,2,0,0,2,2,0,0,1,0,0,2,0,1,0,5,0,0,0,2,0,1,3,0,0,1,0,1,1,0,1,1,0,4,12,1,2,0,0,4,3,0,10,9,2,0,0,5,0,7,0,10,0,1,6,0,4,8,2,0,0,0,3,2,10,3,9,NA,0,2,0,1,0,0,1,0,1,NA,1,NA,0,0,0,0,8,4,6,4,5,6,1,6,7,3,0,3,2,0,6,4,4,3,0,0,0,0,3,2,0,0,5,0,0,8,3,4,0,0,5,0,13,0,6,3,0,26,15,8,2,1,0,6,3,2,5,0,5,8,3,0,0,0,0,0,8,1,5,1,0,2,0,0,1,0,1,1,1,2,2,NA,2,2,NA,3,3,1,0,4,7,2,7,11,10,2,1,16,10,0,0,0,0,3,12,8,4,4,13,18,1,0,6,17,0,0,2,2,12
ADAMAOUA,MEIGANGA,2,0,2,0,NA,1,0,4,3,0,1,3,0,0,1,0,0,0,0,0,0,0,0,0,2,0,0,0,0,2,0,0,4,5,0,3,3,0,0,6,6,4,0,0,7,5,9,17,0,0,4,13,8,8,3,0,6,0,2,3,3,0,5,0,0,0,2,1,0,7,0,0,6,4,0,6,0,5,9,4,1,7,0,9,2,3,1,2,0,0,0,8,8,16,4,0,15,0,3,0,12,4,6,3,7,4,2,4,7,2,8,8,3,8,1,5,4,0,2,5,1,0,9,2,0,6,0,0,4,4,0,0,0,9,0,0,0,0,4,0,0,0,6,0,12,10,15,4,9,15,4,3,0,12,6,8,3,4,2,6,7,2,2,4,2,5,0,5,8,2,0,0,0,3,3,1,0,1,0,4,4,0,2,0,1,0,0,2,0,5,9,0,0,0,0,0,0,0,0,0,0,0,0,0,0,0,7,NA
ADAMAOUA,NGAOUNDAL,2,9,0,0,5,0,0,6,6,0,1,2,1,3,2,2,4,0,1,0,0,3,4,2,0,5,7,1,1,2,3,6,0,NA,2,6,NA,2,4,3,2,2,1,4,6,0,1,6,4,5,0,NA,0,0,0,0,NA,1,3,0,18,6,1,4,0,4,3,7,4,11,10,13,17,19,9,9,12,11,16,18,8,2,4,5,3,2,4,17,6,12,5,13,8,18,16,18,6,6,38,20,0,0,31,14,12,13,10,7,4,0,13,13,27,0,15,5,6,1,8,0,14,5,6,19,9,4,11,10,9,6,7,14,3,13,6,14,8,13,9,7,4,1,2,9,12,27,11,25,25,18,8,9,8,3,13,5,16,10,8,12,3,8,14,10,19,4,15,15,6,8,7,2,16,14,10,9,2,26,7,9,20,13,4,16,18,14,13,3,16,0,54,6,6,3,0,3,13,10,12,11,16,26,0,31,17,20,NA,18
ADAMAOUA,NGAOUNDERE RURAL,84,79,59,78,53,43,72,64,43,47,34,55,49,53,47,42,44,30,37,60,50,22,48,43,45,45,53,74,78,54,34,47,56,31,38,42,57,52,42,71,86,80,97,100,69,74,101,95,76,85,86,56,58,78,69,73,62,32,35,47,57,61,73,83,66,68,71,65,83,61,64,64,70,62,41,53,46,65,44,36,42,30,36,64,70,46,68,68,27,70,62,87,91,82,100,90,113,117,57,39,77,70,62,0,39,46,42,39,85,57,41,41,69,36,56,55,25,132,68,71,97,50,50,59,48,54,49,52,83,53,54,47,73,65,34,46,36,49,75,46,56,32,56,39,71,40,70,71,67,48,63,88,57,48,44,44,60,58,89,89,59,79,93,74,79,72,98,96,51,50,62,68,67,56,75,90,81,52,56,53,68,41,45,54,78,67,77,49,70,58,37,56,44,45,52,70,70,105,106,213,96,122,119,69,92,70,104,73
ADAMAOUA,NGAOUNDERE URBAIN,55,72,95,76,116,88,102,92,75,102,123,95,76,71,83,50,35,28,65,39,66,47,75,94,78,68,68,80,93,111,56,52,62,99,65,36,61,129,50,46,99,121,0,129,138,111,43,87,97,82,93,62,75,98,83,100,124,91,90,112,119,112,161,117,109,103,71,80,72,59,56,36,26,73,53,36,77,69,68,77,85,86,95,101,76,84,72,79,67,62,96,87,68,57,98,103,93,62,59,53,27,35,81,50,80,28,44,59,21,62,69,69,59,33,57,55,94,84,41,71,40,43,71,38,37,39,50,56,81,78,60,63,34,44,30,25,26,32,23,44,29,49,34,15,48,45,61,112,61,46,65,81,36,74,77,95,37,33,78,72,81,92,98,106,76,72,51,47,49,52,45,27,39,35,56,62,49,37,40,67,99,67,63,87,67,63,28,48,30,37,41,27,34,58,90,85,36,129,124,169,120,89,77,69,77,59,81,77
ADAMAOUA,TIBATI,7,15,9,12,14,10,12,4,2,0,2,5,0,8,6,8,2,4,10,9,5,16,4,6,6,14,7,4,3,1,6,12,4,4,9,10,9,2,7,5,3,14,0,10,9,8,1,16,15,12,10,NA,NA,4,3,5,15,4,16,4,18,12,119,19,21,9,7,9,1,19,6,6,17,10,12,11,16,0,13,7,1,14,14,9,6,7,9,7,2,1,7,0,8,17,21,20,NA,27,27,2,13,8,17,15,18,11,22,3,20,11,17,17,27,3,2,188,21,24,13,4,1,8,16,15,19,21,27,18,11,12,12,3,1,5,9,9,NA,4,8,3,5,3,11,23,25,32,27,4,7,5,7,15,12,12,5,2,10,24,13,8,6,8,23,17,7,14,17,13,11,0,2,8,5,17,9,13,12,20,21,13,21,11,21,11,10,20,12,11,1,5,7,6,5,12,35,31,22,29,14,12,69,45,18,15,31,30,24,16
ADAMAOUA,TIGNERE,27,0,27,27,17,4,14,0,47,32,0,16,20,27,26,3,0,16,12,15,1,20,16,26,16,19,22,17,7,9,12,2,29,9,4,4,13,10,5,16,19,12,0,24,41,17,15,40,23,24,21,13,11,8,18,24,15,13,14,12,18,14,5,20,15,8,23,28,9,24,12,7,16,15,30,14,18,19,4,7,12,8,21,8,19,30,40,30,10,19,24,25,5,12,17,29,9,15,8,20,26,8,7,15,16,5,16,13,10,19,5,5,6,11,10,8,21,4,8,8,14,4,7,14,6,17,10,10,9,14,12,8,10,3,6,10,14,11,0,4,12,8,16,14,9,12,15,22,44,15,15,46,17,25,19,16,23,14,33,30,14,28,27,40,35,20,43,31,17,48,22,18,8,8,29,9,5,23,11,17,27,18,14,15,32,24,19,12,17,7,18,25,32,19,16,35,11,11,38,23,29,25,47,47,38,28,26,25
CENTRE,AKONOLINGA,0,1,0,2,1,0,0,0,0,0,0,0,0,0,0,1,1,0,0,0,5,1,0,0,0,0,0,2,3,0,0,4,1,0,0,0,1,4,2,1,1,1,2,0,1,2,0,0,0,0,0,NA,0,1,4,0,1,1,0,0,0,0,0,0,3,0,1,5,5,3,3,7,2,7,0,0,1,2,7,2,3,1,1,1,0,1,3,1,2,2,0,12,5,4,46,1,0,1,3,1,2,1,3,1,1,8,2,3,3,0,3,0,3,0,1,2,1,1,0,0,1,3,0,2,4,0,1,25,0,1,1,5,3,1,2,2,4,2,10,4,0,4,0,0,4,2,7,5,5,1,2,5,12,11,8,4,2,16,3,3,9,8,3,5,3,6,4,12,2,6,3,3,4,2,7,7,6,12,10,5,5,9,4,0,11,3,1,6,1,0,3,6,1,0,1,5,7,7,1,8,6,2,7,10,7,5,11,1
CENTRE,AWAE,0,5,0,1,1,0,0,0,0,1,0,2,0,0,0,0,0,0,0,0,0,0,0,0,0,0,0,0,0,1,0,0,0,0,0,0,0,0,0,0,0,0,1,2,1,0,0,0,NA,0,NA,NA,0,0,0,0,0,0,0,0,1,1,0,1,0,4,0,0,0,0,1,1,0,0,0,0,0,0,0,6,1,4,0,0,5,4,3,0,0,5,0,0,6,1,5,3,2,0,0,0,4,NA,0,0,0,2,7,0,5,3,7,2,3,0,0,5,0,0,NA,2,0,0,0,0,0,0,8,2,0,4,8,0,0,11,8,1,1,0,0,0,0,1,0,0,0,0,1,0,2,5,3,9,3,NA,1,1,0,0,1,2,0,0,0,0,1,3,2,2,0,1,5,5,0,0,4,2,0,0,1,0,3,1,0,0,0,0,0,0,4,2,1,3,0,2,1,1,4,0,6,1,2,1,2,NA,NA,0,0,0
CENTRE,AYOS,0,0,0,2,3,0,0,0,0,2,0,3,1,1,0,0,8,0,0,1,0,8,0,0,1,0,0,0,1,5,3,3,0,6,2,0,4,2,3,1,NA,2,0,0,1,4,3,9,0,0,2,5,0,5,0,0,0,4,4,2,7,2,0,2,4,2,4,2,8,7,2,0,4,3,2,5,6,10,0,2,2,1,4,0,2,2,4,3,14,7,15,2,3,4,5,0,1,1,6,6,3,3,3,NA,4,3,2,3,3,2,2,1,0,3,2,3,2,6,7,4,3,3,2,2,1,1,2,3,5,5,1,0,1,0,1,4,1,0,0,0,2,1,7,2,1,5,4,1,5,11,5,7,3,2,2,6,15,6,3,4,2,1,6,1,7,9,14,4,4,3,5,2,4,7,0,11,6,4,0,3,3,0,3,1,0,0,0,2,1,1,0,1,4,1,3,8,2,7,0,7,2,3,0,0,3,0,4,3
CENTRE,BAFIA,12,20,2,7,7,0,6,7,0,0,3,2,3,5,6,1,4,1,0,0,0,0,0,13,44,3,12,10,1,1,0,5,6,2,4,3,1,NA,NA,NA,5,14,17,5,7,8,6,10,14,8,10,NA,5,10,13,13,2,11,1,9,3,4,2,12,22,14,12,11,7,22,12,11,3,6,12,11,10,17,12,8,17,13,14,5,11,19,12,4,11,12,3,4,13,36,9,10,NA,6,18,24,25,13,0,37,0,8,14,36,17,28,9,5,7,7,7,8,5,9,22,10,5,7,20,14,14,11,19,3,2,12,10,8,20,4,14,17,9,11,9,9,2,25,17,9,22,16,17,35,29,37,16,29,26,43,28,46,2,6,24,33,16,21,7,9,16,7,12,17,1,7,11,8,1,10,8,12,16,23,12,16,18,12,10,12,23,3,4,8,13,6,6,15,9,3,22,16,19,11,5,17,16,49,23,23,29,26,5,14
CENTRE,BIYEM ASSI,159,94,106,89,66,104,86,85,0,153,65,21,25,81,97,75,73,99,97,90,128,17,9,103,0,7,104,18,48,17,28,33,56,58,128,81,94,88,34,98,0,186,NA,NA,122,171,138,200,NA,55,NA,NA,88,60,157,80,35,129,118,152,228,228,165,126,202,164,159,152,23,60,51,14,42,0,45,126,129,59,33,37,96,130,33,31,7,92,0,153,195,22,0,202,13,31,38,39,91,30,42,107,214,NA,127,45,302,20,42,0,219,127,143,37,46,27,44,35,36,396,30,30,51,23,2,47,33,213,151,0,15,121,188,73,7,38,40,53,48,44,35,42,82,20,205,90,97,92,51,167,208,183,109,446,103,220,171,117,128,94,95,94,50,122,92,38,87,62,95,104,98,190,160,128,52,67,91,56,103,82,109,172,102,60,86,59,32,96,19,68,79,62,92,82,99,74,72,93,66,81,73,61,51,109,104,106,0,189,104,108
CENTRE,CITE VERTE,31,34,30,33,18,52,28,28,36,36,41,47,42,57,51,62,71,76,69,39,60,59,14,65,18,17,62,49,59,53,43,10,26,20,22,5,29,43,NA,71,24,49,29,78,112,77,67,52,60,26,52,33,21,68,62,56,67,33,61,37,31,35,11,58,50,42,38,27,36,24,50,35,27,28,55,52,62,43,44,30,29,70,36,76,76,51,50,52,25,31,69,28,24,54,51,39,67,22,31,36,46,56,62,29,34,76,43,45,48,52,61,48,31,41,30,51,45,61,23,44,54,44,41,58,48,51,74,69,82,71,55,20,44,32,45,31,44,30,63,37,52,35,9,61,58,55,25,50,42,57,84,62,40,58,33,41,9,60,33,80,74,63,64,0,79,59,83,56,47,38,70,61,58,63,76,66,34,60,44,38,79,25,46,31,40,28,36,28,31,30,35,27,35,43,35,62,23,27,32,42,27,0,49,25,40,29,33,4
CENTRE,DJOUNGOLO,158,148,180,120,107,138,153,127,132,120,133,140,152,153,126,151,104,111,137,102,79,87,122,135,0,95,108,93,133,63,84,204,97,131,55,88,87,95,2,0,114,167,0,92,192,46,110,93,200,111,183,90,222,212,242,204,54,144,118,134,73,103,147,168,172,127,106,118,88,115,72,125,142,119,141,138,169,812,90,122,90,179,110,124,100,120,134,62,124,176,87,174,193,152,154,128,150,119,126,83,182,119,166,110,165,197,181,166,172,241,206,139,148,130,190,161,130,101,130,79,137,39,145,140,159,149,149,151,137,176,140,138,70,114,65,88,86,80,91,110,54,96,101,176,146,137,146,175,231,241,219,239,221,303,247,112,107,205,199,211,190,173,167,166,192,128,203,186,175,194,157,182,168,175,104,203,215,137,150,195,178,190,136,122,157,129,121,122,88,118,111,119,150,161,180,181,244,320,185,182,232,260,179,196,144,185,131,16
CENTRE,EBEBDA,6,7,6,2,1,3,1,3,3,3,2,2,0,0,0,0,3,2,0,0,1,0,1,1,1,0,0,6,3,1,3,4,3,0,0,0,0,1,1,1,1,2,2,0,6,4,0,1,4,0,0,2,2,0,0,2,1,4,2,5,0,0,1,0,0,1,1,3,0,1,2,2,0,2,0,1,0,2,0,0,0,0,1,0,0,0,1,4,0,0,1,0,2,0,2,1,1,1,0,4,0,0,0,0,NA,1,1,1,0,1,2,0,0,6,1,1,1,0,2,4,0,0,2,0,2,1,1,2,1,0,0,1,2,2,2,0,1,1,0,0,0,0,1,0,0,0,1,0,2,0,1,0,1,2,1,0,3,3,0,0,1,2,0,0,0,0,1,0,4,1,1,2,0,2,5,0,0,4,0,0,0,0,0,0,2,0,0,0,0,0,0,0,0,0,0,0,0,0,0,0,0,0,0,4,3,1,1,0
CENTRE,EFOULAN,30,0,31,34,29,26,0,13,21,24,39,23,22,30,27,23,8,38,25,8,46,45,41,36,38,38,27,28,38,19,95,44,35,36,39,54,31,35,45,0,68,31,29,45,51,44,91,NA,32,27,17,28,49,77,34,56,55,67,30,36,57,97,59,96,16,73,45,57,48,48,43,92,29,32,36,43,20,38,40,0,34,28,0,35,57,39,34,84,65,0,94,49,53,81,81,49,59,49,86,46,57,147,126,108,98,71,79,109,54,94,85,51,106,87,77,81,44,98,25,199,35,31,54,75,29,52,109,62,69,69,47,89,43,33,47,65,24,47,91,0,186,87,93,98,34,34,54,176,71,62,187,76,94,160,72,138,93,69,26,19,24,46,71,71,147,147,107,68,104,72,189,69,182,72,90,12,125,61,72,72,96,79,63,61,49,36,212,24,42,64,56,17,68,48,78,60,32,67,141,39,146,44,45,34,39,24,19,NA
CENTRE,ELIG MFOMO,12,8,3,7,2,2,4,5,5,1,8,5,5,0,2,1,1,1,1,1,3,5,4,3,0,1,1,3,1,4,6,6,2,6,8,4,3,3,0,5,5,4,4,5,6,1,0,4,11,7,4,6,6,8,3,5,4,0,6,4,6,6,3,1,1,7,7,0,NA,1,1,3,1,2,0,1,1,3,4,1,10,5,7,1,4,2,3,5,0,2,6,11,10,11,13,10,9,5,19,9,10,6,9,6,9,8,1,2,4,6,4,4,1,1,0,1,1,3,0,0,1,0,1,4,3,1,4,6,6,4,0,1,1,1,3,2,3,1,2,1,1,3,3,3,2,3,4,6,6,5,12,4,11,11,9,4,5,1,5,0,5,3,3,6,1,0,7,2,2,2,6,2,2,1,0,2,4,0,1,1,2,3,7,4,4,2,0,1,5,1,3,3,5,0,6,6,7,2,4,6,6,2,3,5,7,1,0,2
CENTRE,ESEKA,0,1,6,2,8,0,3,2,9,4,3,7,5,8,5,4,7,5,6,4,4,4,7,NA,NA,NA,22,5,0,5,9,5,0,2,4,0,1,0,9,6,0,4,3,4,6,4,3,2,10,NA,NA,NA,1,0,4,6,7,0,0,3,10,2,2,0,0,0,5,5,2,3,0,0,1,3,5,3,4,14,3,4,3,5,5,4,9,5,5,6,9,9,7,6,5,3,3,8,8,1,5,5,2,4,2,4,2,3,7,3,0,0,4,3,0,3,6,2,0,0,0,NA,30,2,0,0,0,0,0,0,0,3,3,0,3,3,NA,2,0,NA,0,0,0,0,2,0,4,2,2,NA,0,2,0,5,0,NA,NA,0,3,0,0,0,1,0,3,4,0,0,4,3,4,3,0,3,0,6,4,5,0,2,1,0,0,5,0,3,4,3,5,4,0,2,0,0,2,0,0,0,2,3,0,NA,0,0,0,0,0,0,0,0
CENTRE,ESSE,0,0,7,4,11,13,7,3,0,0,3,7,7,0,7,5,33,0,0,10,3,7,2,7,18,0,9,16,12,3,14,25,8,1,7,9,4,12,NA,13,18,10,19,21,5,9,25,22,14,6,12,1,13,12,6,0,7,15,8,9,9,9,12,4,8,12,9,5,7,7,6,8,1,7,0,10,4,10,4,3,3,8,0,13,0,7,8,3,8,9,9,3,7,4,8,8,10,16,1,15,NA,14,0,5,4,4,11,8,9,3,11,10,2,7,10,8,5,5,14,8,1,9,5,9,8,5,1,6,NA,8,5,NA,2,4,NA,5,NA,0,2,5,3,4,6,3,2,NA,NA,5,0,9,15,11,NA,NA,11,14,6,12,18,8,7,8,11,9,7,4,7,9,6,7,0,6,10,0,0,3,0,10,5,NA,7,3,5,12,8,9,6,4,2,2,4,4,0,3,4,1,NA,2,14,23,6,22,11,10,5,11,4,6
CENTRE,EVODOULA,14,3,7,4,0,0,4,1,4,24,1,4,6,2,4,10,2,3,0,0,0,2,4,2,6,0,2,3,4,8,4,4,7,6,4,8,3,4,0,4,5,2,2,4,6,2,6,5,5,NA,NA,NA,10,5,4,4,10,5,10,6,6,2,3,2,3,10,6,0,2,2,3,4,5,3,3,0,0,5,5,5,5,3,5,1,2,5,1,5,5,3,3,3,3,6,5,4,6,6,10,12,NA,12,6,10,6,0,12,10,14,10,14,20,16,16,20,16,16,8,6,14,8,0,8,8,10,10,20,10,14,14,12,14,0,10,10,8,6,10,7,6,10,10,7,6,6,8,8,6,10,10,10,8,5,6,6,6,8,8,6,6,0,6,0,8,6,NA,0,6,4,4,0,0,0,0,0,0,0,0,0,0,0,0,0,0,0,0,0,0,0,0,0,0,0,NA,0,0,0,0,0,NA,NA,0,0,0,0,0,6,6
CENTRE,MBALMAYO,3,4,2,6,49,0,10,13,7,3,10,2,9,1,4,2,3,5,0,0,3,8,7,3,1,3,1,0,0,1,14,2,7,2,2,0,1,3,2,0,3,1,6,14,3,1,NA,6,9,NA,NA,NA,13,5,12,12,0,0,0,18,7,2,6,14,1,13,8,6,3,15,1,0,5,0,3,0,3,5,5,2,NA,5,20,7,12,1,0,5,13,4,3,1,21,4,24,9,5,2,10,5,NA,1,9,5,0,0,0,12,2,3,12,2,7,9,5,2,9,3,3,3,8,6,5,1,7,9,3,4,4,11,12,5,2,8,9,5,10,0,0,3,6,0,1,2,6,5,13,0,6,3,9,6,7,22,5,2,5,6,6,6,16,9,9,8,3,8,0,6,21,3,9,20,10,11,1,4,3,8,7,6,6,7,7,6,5,9,0,6,7,17,13,3,4,25,0,22,6,12,16,19,9,16,21,6,1,16,11,11
CENTRE,MBANDJOCK,1,4,4,5,2,3,2,1,3,2,1,1,2,2,0,1,1,2,1,1,1,1,0,2,3,3,1,1,1,3,4,1,5,4,4,3,3,3,2,5,3,5,4,4,3,4,3,5,0,3,5,3,4,4,3,NA,3,2,3,3,3,3,23,2,4,3,0,3,2,0,2,4,4,4,4,3,3,3,3,3,3,2,2,4,4,4,5,1,3,4,2,3,2,2,1,2,1,4,NA,4,3,1,2,7,3,3,4,4,6,5,4,3,3,4,4,3,3,3,4,3,1,2,1,1,0,NA,NA,6,3,18,27,34,31,7,28,31,47,44,17,10,17,21,18,20,27,20,0,28,31,40,45,52,21,27,0,0,29,21,23,16,9,20,7,42,0,30,21,19,23,3,2,0,0,2,7,7,7,4,2,4,11,14,5,7,8,10,6,12,0,14,9,12,11,11,17,4,7,32,5,39,27,27,22,23,17,11,0,0
CENTRE,MBANKOMO,2,3,4,1,1,5,0,16,5,3,0,4,4,1,1,0,4,8,3,5,3,7,2,1,2,1,0,2,0,2,1,2,0,1,3,0,0,1,0,0,1,1,1,1,0,2,4,NA,0,0,NA,NA,3,1,1,3,0,0,3,2,1,0,0,4,0,1,0,0,4,0,2,0,0,1,0,2,0,0,0,0,0,0,0,0,0,0,0,5,10,5,4,121,7,6,11,4,2,2,2,0,2,NA,3,0,0,3,2,2,11,3,6,6,19,9,8,4,4,3,9,5,4,2,9,0,11,4,12,7,8,8,7,8,10,6,2,4,1,1,3,2,2,3,3,6,3,7,0,7,6,11,7,15,2,11,19,2,8,30,12,3,6,4,5,5,7,9,7,8,0,3,8,7,5,5,0,18,4,10,0,3,1,0,0,14,12,3,3,17,3,6,5,5,5,5,4,4,4,5,10,9,7,3,2,4,5,4,4,0
CENTRE,MFOU,0,8,8,11,30,0,2,7,0,4,4,1,1,3,6,3,NA,5,6,8,4,7,0,7,6,4,1,3,2,0,6,9,3,0,2,1,1,4,0,8,5,23,6,3,25,5,NA,26,34,NA,NA,10,13,11,17,5,7,3,8,2,11,11,16,18,14,11,11,12,5,10,13,9,12,3,8,5,4,9,5,5,10,7,6,7,7,8,6,0,13,3,14,14,19,11,7,8,23,7,NA,6,8,19,9,12,10,10,18,12,7,7,11,10,14,15,7,7,7,8,13,11,15,12,7,9,5,7,21,8,14,5,36,14,3,10,16,14,4,19,2,4,8,22,2,18,14,15,5,34,21,23,54,38,45,0,27,13,29,18,20,37,16,28,32,30,22,19,26,17,16,20,14,14,25,17,17,12,21,16,15,16,15,20,23,28,18,35,17,35,38,10,7,18,9,23,28,0,20,49,93,51,32,43,40,46,64,21,41,5
CENTRE,MONATELE,NA,3,0,0,0,1,7,3,0,6,4,0,5,1,0,1,0,1,0,0,0,1,0,1,0,5,0,0,2,0,NA,1,0,2,0,1,0,2,5,9,0,3,0,3,0,8,NA,4,NA,2,1,NA,5,3,5,6,5,5,4,4,NA,1,5,4,2,3,2,11,4,0,0,0,6,2,0,0,0,0,1,5,0,4,0,0,4,0,6,6,6,10,10,8,5,6,6,6,5,7,4,0,NA,5,0,NA,NA,3,5,16,11,5,8,2,1,5,6,6,0,1,0,6,7,12,3,0,3,0,0,0,0,1,0,0,0,5,1,2,0,0,0,2,0,0,0,0,0,0,2,0,0,0,2,0,0,NA,NA,NA,NA,0,0,1,0,1,0,0,1,0,0,NA,0,0,NA,0,0,0,0,1,1,2,1,1,0,1,0,0,1,0,1,2,0,0,1,1,1,0,0,0,1,7,8,4,9,12,7,4,NA,2,4,1
CENTRE,NANGA EBOKO,15,2,1,4,2,0,0,0,0,5,6,7,1,0,0,1,2,1,0,0,3,4,0,4,0,2,2,0,2,0,0,0,0,1,0,2,2,0,0,0,NA,2,0,0,0,4,2,0,3,3,3,0,0,0,0,0,2,0,NA,1,0,0,1,0,0,1,6,0,0,0,0,0,4,1,2,2,0,2,0,0,2,0,0,0,0,0,0,0,NA,0,11,6,9,3,5,3,1,1,5,4,5,3,1,NA,2,3,4,3,4,3,3,2,4,0,3,0,2,4,3,0,0,0,2,0,0,4,0,0,2,0,0,0,0,2,0,2,0,0,0,0,0,0,0,0,0,0,4,4,3,0,2,3,3,3,3,8,6,4,2,11,11,0,0,4,0,0,0,0,0,0,0,0,0,0,0,0,1,0,3,0,1,1,0,0,0,2,0,0,0,0,0,2,0,3,0,0,0,0,5,4,4,4,0,4,5,3,1,3
CENTRE,NDIKINIMEKI,10,0,8,7,0,0,0,0,0,6,0,5,0,0,0,0,0,0,0,4,3,0,0,0,0,0,0,0,0,0,0,0,0,0,0,0,0,0,0,0,0,0,0,0,0,0,0,0,0,20,0,8,9,8,5,0,0,0,0,0,5,0,4,0,0,0,0,0,4,9,4,4,0,0,0,2,0,0,0,0,0,0,0,0,0,0,0,0,0,0,0,0,0,0,0,0,0,0,NA,NA,0,0,0,0,0,0,7,0,7,7,6,6,5,0,0,0,6,0,0,0,4,12,0,0,0,0,5,0,7,0,0,0,4,0,0,9,2,0,5,7,0,2,3,3,3,0,0,3,2,11,4,0,0,5,8,5,5,6,5,7,7,8,0,0,5,3,5,3,0,0,9,0,7,0,0,0,0,0,0,17,14,11,17,12,15,12,19,7,8,7,11,8,0,0,0,8,0,0,0,0,14,7,9,0,23,12,11,14
CENTRE,NGOG MAPUBI,3,0,0,4,8,0,3,5,4,2,0,0,2,2,2,0,5,8,14,0,4,0,0,0,3,0,7,10,7,4,8,27,10,7,16,4,6,6,3,0,4,5,12,5,15,18,11,14,9,9,15,NA,6,6,14,6,12,5,0,8,0,7,6,11,6,8,3,5,5,3,19,10,4,4,7,2,1,1,7,2,9,5,4,6,5,6,11,4,7,8,10,12,8,7,7,12,5,11,NA,2,4,8,4,13,3,9,6,9,13,7,8,6,4,11,9,11,7,6,1,9,7,6,6,4,5,5,10,10,10,9,12,0,0,6,5,7,3,6,5,6,5,5,7,8,5,5,3,6,4,6,11,8,13,8,6,0,0,11,17,14,9,6,2,6,14,5,5,5,7,5,7,6,3,8,5,9,5,10,5,8,0,4,5,12,3,4,3,6,3,8,5,3,10,3,0,8,9,25,18,16,6,7,13,12,9,8,7,4
CENTRE,NGOUMOU,0,0,0,0,0,6,3,0,0,2,0,0,3,0,0,0,0,0,0,0,0,0,0,2,3,1,0,5,6,5,9,3,6,6,7,5,3,3,6,0,5,6,NA,4,3,7,7,9,8,5,0,7,15,15,11,16,2,0,4,3,1,4,3,4,9,2,3,3,0,7,5,3,3,4,0,1,5,6,0,7,7,9,9,5,4,3,8,9,6,5,0,6,4,0,0,0,4,0,0,0,1,0,0,NA,NA,6,8,10,9,0,6,5,4,6,4,3,4,5,0,0,0,0,4,3,0,5,4,NA,3,4,6,5,0,0,10,8,1,1,9,5,5,5,6,4,5,7,6,4,10,7,7,8,8,8,6,6,4,4,11,9,3,5,5,4,3,0,8,4,9,7,9,0,5,0,6,6,11,2,8,0,6,4,0,9,6,11,9,10,8,7,0,9,8,17,10,8,12,14,9,12,10,7,8,7,9,7,9,7
CENTRE,NKOLBISSON,30,18,24,25,50,24,46,74,67,42,71,56,64,0,54,14,1,5,40,33,26,37,36,36,28,25,42,62,53,29,57,36,29,30,48,23,51,53,42,37,37,56,8,11,19,17,39,29,15,46,67,31,32,61,40,5,6,16,36,38,21,37,53,95,81,43,46,40,83,48,63,103,48,88,39,62,58,79,73,53,54,73,60,43,51,55,57,11,26,35,15,56,49,27,19,0,11,37,15,24,57,51,20,0,43,91,44,91,69,74,73,63,69,51,67,36,56,69,60,100,61,51,147,50,38,81,75,67,111,61,51,93,57,55,34,45,33,29,52,78,53,31,49,56,63,63,66,92,91,79,35,70,38,65,NA,NA,NA,95,114,88,77,53,42,72,43,83,64,78,54,75,52,62,66,60,55,16,69,68,57,50,58,66,38,40,31,40,29,44,57,43,41,43,59,54,78,53,80,37,92,79,82,99,87,69,22,77,NA,46
CENTRE,NKOLNDONGO,71,65,36,42,55,47,40,35,48,55,24,7,16,9,33,24,12,5,0,0,0,1,27,43,34,16,13,33,NA,75,54,8,0,9,0,21,27,43,91,10,45,61,12,0,24,4,51,41,NA,3,22,NA,74,8,145,72,184,147,25,45,18,102,64,68,86,59,197,56,74,25,60,78,44,81,NA,115,0,50,45,42,37,33,56,169,63,36,125,78,68,46,12,195,95,55,46,66,85,98,98,4,31,55,31,67,92,51,68,78,105,45,22,81,27,97,63,34,58,41,39,36,53,19,34,95,35,78,84,70,73,81,142,76,69,57,42,80,30,22,74,60,14,16,28,0,85,84,0,95,125,86,101,149,254,169,95,35,67,167,63,64,142,131,102,118,30,169,125,128,22,66,158,38,56,18,282,183,251,220,227,134,123,69,213,303,132,202,247,278,123,143,167,74,92,114,104,103,177,167,190,223,491,0,108,141,195,169,176,102
CENTRE,NTUI,0,17,0,0,1,0,0,0,0,0,0,0,0,0,0,0,0,0,0,0,0,0,0,0,0,0,0,0,2,0,1,0,0,0,0,0,0,0,NA,NA,0,0,3,0,0,0,NA,0,0,NA,NA,NA,5,5,0,0,2,0,0,0,3,5,5,5,9,2,2,2,4,0,2,0,0,2,4,1,4,0,1,3,1,3,16,5,2,3,3,5,4,0,0,12,13,8,7,4,2,NA,NA,NA,NA,NA,NA,NA,NA,11,6,10,16,2,5,9,0,1,3,3,3,8,15,7,5,4,1,1,1,1,3,0,4,4,1,0,3,0,6,3,1,0,0,0,0,0,1,6,3,14,5,10,7,9,4,13,18,1,NA,0,NA,3,3,32,7,22,10,29,15,8,17,20,19,9,23,6,3,4,8,20,19,6,22,12,12,7,11,6,19,1,6,9,9,0,15,1,7,7,5,9,10,8,10,23,49,37,31,20,36,30,42,9
CENTRE,OBALA,4,7,3,4,9,0,0,4,2,2,4,0,1,7,8,6,9,5,4,9,10,2,1,6,13,19,3,2,3,8,17,2,11,2,2,7,6,3,5,16,6,7,9,8,6,19,0,13,1,NA,NA,NA,24,25,20,21,29,29,11,11,0,8,0,9,9,7,14,0,5,11,5,3,0,11,6,7,0,8,13,0,9,18,9,10,7,7,4,7,8,6,9,0,15,7,10,12,20,19,15,17,13,19,15,15,9,8,4,10,7,26,0,14,18,23,13,15,11,14,15,18,10,10,10,14,4,8,0,10,13,11,8,9,10,8,9,10,0,0,7,9,0,8,0,4,10,10,13,11,8,15,24,30,13,16,17,8,10,43,14,21,13,14,12,14,3,15,14,6,12,6,17,7,12,14,11,9,10,14,16,6,17,10,21,19,14,3,4,1,4,17,4,10,13,15,10,14,9,3,4,14,8,0,20,12,14,8,11,6
CENTRE,OKOLA,10,12,15,6,10,12,7,6,13,6,3,14,9,0,15,5,7,15,11,NA,NA,6,0,5,NA,5,6,4,6,4,2,4,7,NA,6,11,12,0,NA,0,0,12,13,4,13,20,19,0,24,13,17,NA,13,26,12,15,12,3,1,14,0,3,3,2,3,3,3,7,5,4,0,1,0,3,2,5,6,0,6,5,5,4,5,1,12,9,6,0,14,19,17,14,9,14,5,13,8,13,7,8,10,0,NA,NA,0,0,2,3,0,7,6,24,8,4,6,0,6,5,7,13,9,2,4,2,1,7,6,2,1,0,5,0,1,3,NA,1,0,1,2,0,1,0,2,2,1,0,1,3,5,4,27,15,1,43,19,NA,0,2,23,24,3,6,15,0,7,18,12,3,0,1,0,0,0,4,0,7,6,7,7,2,4,3,0,5,6,3,4,0,0,2,5,5,4,5,6,3,14,16,22,16,9,10,35,13,16,10,7,3
CENTRE,SAA,18,13,16,22,11,18,16,14,8,7,11,16,12,4,9,7,10,6,6,6,5,9,5,11,11,4,11,8,5,9,12,5,2,3,14,3,0,22,14,0,4,11,9,16,8,17,11,35,42,23,NA,NA,16,7,7,23,9,17,21,8,0,13,8,14,7,23,13,0,14,12,7,9,11,8,12,0,7,10,10,3,4,2,6,8,9,10,9,5,13,9,14,9,14,9,10,3,19,9,19,20,8,9,17,13,28,14,12,22,17,11,12,11,13,11,13,4,3,13,0,0,5,4,6,3,5,4,3,17,0,11,9,21,3,2,2,4,4,3,3,3,9,7,7,2,11,14,5,15,22,14,25,20,12,23,20,16,18,22,12,25,6,16,20,0,0,10,16,12,3,13,4,4,4,0,14,6,3,4,17,7,8,4,7,10,9,6,7,7,6,2,3,9,9,5,6,10,8,14,14,17,16,22,14,18,10,10,16,11
CENTRE,SOA,10,6,8,10,6,10,6,5,1,3,2,5,4,4,6,4,13,8,5,5,20,5,9,17,12,0,6,9,8,3,0,4,13,7,7,8,2,4,0,10,19,13,12,20,13,16,8,11,16,16,NA,NA,10,0,7,1,6,0,7,6,4,6,12,10,18,0,10,9,7,4,12,6,9,6,0,3,6,2,2,9,3,7,0,1,13,4,2,1,NA,0,2,1,0,3,3,12,13,16,NA,16,10,NA,0,12,9,5,8,7,18,10,0,0,27,6,8,7,12,9,8,9,0,6,8,10,13,24,19,24,13,19,8,21,7,1,4,6,4,1,3,4,4,2,0,5,9,17,10,0,10,8,24,12,16,18,20,1,NA,21,12,11,8,16,10,11,0,8,7,11,34,12,0,10,13,10,1,7,20,19,5,16,17,0,11,10,28,15,26,16,12,34,6,6,34,34,20,9,16,40,30,63,34,28,42,13,16,9,29,22
CENTRE,YOKO,8,8,14,18,9,8,0,0,4,8,0,3,0,4,9,0,0,4,0,0,0,0,0,0,0,1,2,5,11,0,0,9,1,0,2,0,0,0,8,0,0,0,4,4,3,2,2,4,NA,1,2,0,18,0,0,0,0,0,6,0,3,0,0,2,3,2,0,0,0,4,1,2,0,8,NA,4,8,0,NA,0,1,13,3,13,16,3,2,13,3,0,4,13,4,18,1,0,1,2,11,9,12,0,6,9,12,6,5,1,3,3,3,6,0,2,1,1,0,3,2,2,2,0,1,2,1,2,1,6,4,1,2,3,3,2,4,2,0,0,0,0,1,1,0,0,0,0,1,4,1,3,0,0,0,4,8,0,NA,8,4,6,3,1,1,8,6,5,0,2,1,0,0,0,0,0,0,1,0,0,4,5,2,1,1,0,0,0,0,0,0,0,0,0,0,0,0,0,1,0,NA,0,0,1,0,0,1,0,0,0
EST,ABONG MBANG,15,12,13,9,0,4,11,18,26,20,0,0,0,0,9,0,0,0,0,0,3,0,0,0,0,0,0,5,3,0,0,0,0,0,0,10,13,10,11,13,5,7,18,19,9,16,7,9,15,12,9,0,1,0,0,0,0,0,8,0,9,9,0,0,0,2,0,0,0,0,0,0,0,0,12,18,14,0,9,13,4,12,11,1,0,0,10,1,0,0,0,0,0,0,0,0,0,0,9,0,0,0,0,0,0,4,6,0,0,0,1,0,0,5,3,3,0,0,0,0,0,0,0,0,0,0,4,12,9,13,11,12,0,19,21,13,5,6,13,0,10,3,15,4,8,15,24,24,17,0,5,0,12,17,0,22,11,13,16,17,19,15,17,9,23,4,14,15,12,11,0,0,6,15,9,16,26,10,10,13,10,6,10,25,8,0,10,7,0,5,12,5,1,7,7,7,4,10,16,8,10,7,9,0,6,6,10,10
EST,BATOURI,10,4,11,6,0,0,0,0,0,16,0,9,0,0,0,0,0,4,6,7,4,10,0,0,7,12,0,0,14,6,0,12,4,0,0,0,0,0,0,0,0,30,0,0,0,0,0,12,0,9,11,0,0,0,0,0,4,0,12,7,1,3,0,10,0,0,0,0,20,0,0,0,0,0,0,0,0,13,0,0,10,0,25,0,0,0,0,11,0,0,0,0,0,0,0,0,0,20,13,0,0,0,11,0,0,0,0,1,0,0,0,0,0,0,0,2,0,0,0,0,2,9,26,0,9,0,0,0,0,0,0,8,15,9,0,13,0,0,0,10,2,2,1,0,0,0,0,9,0,0,9,8,4,0,0,20,0,12,12,7,8,20,7,0,3,18,0,0,8,3,22,0,6,8,16,5,5,15,12,0,0,0,0,46,16,0,11,22,0,0,13,0,0,0,0,0,14,14,7,7,12,19,22,13,0,9,7,NA
EST,BERTOUA,10,10,0,0,1,18,10,25,2,2,4,25,3,0,10,7,0,6,0,11,0,2,10,0,8,0,11,45,0,7,5,15,14,1,0,0,7,9,0,0,0,11,29,9,9,3,8,25,10,0,14,5,9,0,8,9,0,0,0,0,0,5,15,0,0,18,2,1,7,0,0,0,13,25,5,3,14,0,0,0,0,0,12,0,10,0,2,25,0,15,15,2,0,20,1,0,37,0,0,0,35,2,0,0,0,0,0,0,55,7,0,1,1,0,0,0,0,1,0,16,0,0,0,0,0,0,18,41,64,51,60,0,98,61,257,46,15,38,24,31,3,9,25,3,0,36,38,0,46,18,47,9,18,0,0,0,16,1,30,6,10,36,15,10,36,49,13,123,36,14,7,68,0,6,37,28,65,10,34,32,28,1,19,34,61,22,42,42,0,118,86,24,38,28,19,2,23,56,24,125,65,121,28,0,80,55,12,27
EST,BETARE OYA,9,15,9,15,10,6,0,0,0,0,0,0,0,0,0,1,0,4,9,0,13,9,1,0,0,14,2,14,7,5,5,2,0,0,0,0,0,0,0,8,7,12,0,5,0,3,1,1,0,3,2,0,9,0,0,0,5,0,0,0,0,1,8,6,0,23,0,0,0,0,0,0,17,0,0,21,32,11,6,15,23,0,20,0,0,0,0,0,0,0,0,0,0,0,0,0,0,0,0,0,0,0,0,0,0,0,0,0,7,3,1,10,4,8,0,0,0,0,0,0,0,0,2,0,0,5,0,0,0,0,18,3,6,20,23,24,10,0,0,0,17,24,20,4,1,5,5,NA,0,0,22,0,0,0,5,0,6,5,16,1,9,0,14,1,0,14,14,14,19,7,15,22,7,10,17,0,0,0,7,13,3,7,8,17,5,0,6,36,0,0,3,0,7,8,10,2,3,0,4,3,5,14,2,0,0,7,14,0
EST,DOUME,0,0,0,0,0,18,0,0,5,2,9,0,0,0,0,0,0,0,4,5,11,28,0,24,16,0,22,7,0,0,0,10,9,0,0,0,14,14,23,9,8,0,0,0,0,15,0,0,0,14,9,0,4,10,5,0,0,0,0,0,0,0,0,0,16,8,10,0,0,0,0,0,0,20,18,22,21,14,13,18,7,11,5,15,4,0,0,0,0,0,1,0,0,0,0,0,0,0,0,0,0,0,0,0,0,10,43,11,4,1,0,0,0,0,0,18,4,10,8,11,11,0,0,0,0,0,0,0,17,0,0,0,22,2,9,0,0,9,13,0,1,4,3,0,1,5,2,8,7,0,7,16,0,0,2,4,0,8,0,29,27,23,2,13,6,6,7,9,9,1,21,14,6,3,13,0,0,0,0,3,12,11,7,12,10,3,2,14,5,0,8,9,3,2,1,8,6,0,3,14,12,13,1,9,22,19,4,13
EST,GAROUA BOULAI,49,26,26,13,29,34,122,65,78,51,115,98,97,149,150,120,119,135,120,185,94,174,162,0,161,107,75,146,0,162,118,86,211,0,151,250,231,177,236,162,140,205,189,246,214,157,193,123,158,77,55,0,57,66,0,0,8,73,52,63,60,70,0,139,61,78,140,84,113,54,87,0,87,92,123,239,154,156,144,0,134,174,118,153,116,22,136,135,67,102,78,129,0,53,66,153,173,60,164,0,67,25,56,30,0,38,108,117,94,95,121,54,0,57,0,121,93,94,55,146,285,152,0,153,109,144,0,0,62,48,181,170,100,89,35,0,0,78,72,108,275,125,335,86,389,281,341,234,164,160,105,178,67,226,0,211,183,117,51,57,124,107,187,154,169,127,97,42,49,29,53,63,78,74,43,0,0,72,204,165,87,195,210,225,197,306,191,156,97,142,153,145,188,154,162,262,281,235,244,145,203,235,181,84,0,158,135,95
EST,KETTE,0,0,0,0,0,0,0,0,0,0,0,0,6,0,0,0,0,0,0,0,0,0,0,0,0,0,0,0,1,4,0,0,0,0,0,0,0,0,0,0,0,0,42,24,0,0,0,0,0,0,0,0,0,0,0,0,0,0,0,0,0,0,0,0,0,0,0,0,0,0,0,0,0,0,3,0,0,0,0,0,0,0,0,0,0,0,0,0,0,0,0,0,0,0,0,0,0,0,0,0,0,0,0,0,0,0,0,0,0,0,0,0,0,0,0,0,0,0,0,0,0,0,0,0,0,0,0,0,0,0,0,0,0,12,0,0,0,0,0,0,0,0,0,0,0,0,0,0,0,0,0,10,5,0,0,0,0,0,0,0,0,1,1,0,0,0,0,0,0,0,0,0,0,0,0,0,0,0,0,0,0,0,0,0,0,0,0,0,0,0,0,0,0,0,0,0,0,0,0,0,0,0,0,0,0,0,0,0
EST,LOMIE,0,0,0,0,0,0,0,0,0,0,0,0,0,0,0,0,0,0,0,0,0,6,0,0,4,0,0,9,0,0,0,0,0,0,0,10,4,4,3,6,0,0,0,0,12,1,21,3,7,4,0,3,0,1,0,0,0,8,4,11,11,8,0,0,0,0,0,0,0,0,0,0,0,0,9,5,6,5,0,0,0,0,0,0,0,0,0,0,0,0,0,0,0,0,0,0,0,0,0,0,0,0,0,0,0,18,19,5,8,0,0,3,0,0,0,0,0,0,0,0,0,0,11,8,12,9,0,0,0,0,8,0,12,0,0,0,0,5,0,0,0,4,8,0,1,0,0,0,0,2,0,0,0,0,10,0,0,13,0,0,6,0,0,0,0,0,0,0,2,2,3,3,6,11,0,3,0,10,3,0,0,0,0,1,0,0,2,0,0,0,12,0,14,6,2,6,0,0,0,0,10,13,9,7,7,2,0,0
EST,MBANG,4,5,6,2,6,0,0,0,3,0,0,3,0,0,0,0,0,0,0,8,0,0,5,6,0,0,0,0,0,0,0,0,0,0,0,0,2,0,1,0,0,2,11,0,0,5,0,0,0,0,5,0,5,0,3,1,0,4,0,0,1,1,1,1,1,1,0,0,0,0,0,0,0,0,0,0,0,0,2,0,2,9,2,0,0,0,5,0,0,0,0,0,1,4,0,2,1,0,0,0,0,5,2,0,1,0,1,0,8,4,0,1,0,1,0,0,0,0,0,0,0,0,0,0,0,11,1,1,0,1,8,2,2,0,0,5,0,1,0,3,3,8,7,5,4,0,12,1,0,2,2,4,0,1,2,1,6,7,0,16,0,12,0,6,0,0,2,0,2,0,6,4,4,6,1,0,0,2,0,0,0,0,0,0,2,0,2,0,9,0,0,0,2,3,0,0,0,0,1,0,0,0,0,0,0,0,0,3
EST,MESSAMENA,0,0,0,0,0,0,0,6,1,0,0,0,0,0,9,0,0,0,11,0,0,0,0,3,0,0,0,8,0,0,0,0,0,1,0,0,0,0,0,0,0,0,3,0,0,0,0,0,4,0,NA,NA,0,0,0,0,0,0,0,0,0,0,0,0,0,0,0,0,0,0,0,0,0,0,0,0,0,0,0,0,1,3,0,0,0,0,0,0,0,0,2,0,0,0,0,1,0,3,0,0,0,0,0,7,3,0,2,0,0,0,0,0,0,0,0,0,0,0,0,0,0,0,0,1,0,0,3,0,0,0,4,0,0,1,0,0,0,0,0,2,0,0,0,2,0,0,0,0,0,0,2,2,3,0,0,4,0,0,0,0,0,6,0,0,0,0,0,0,0,0,0,0,0,0,0,0,0,0,0,0,0,4,0,0,2,0,0,0,0,0,0,0,0,0,0,2,0,0,0,0,0,0,0,0,0,0,0,NA
EST,MOLOUNDOU,9,11,0,3,0,0,0,0,0,0,0,0,0,0,0,0,0,0,0,0,0,10,0,0,5,0,0,0,0,0,0,0,0,0,0,0,0,0,0,0,0,0,0,0,0,0,0,0,0,1,0,NA,1,9,5,6,2,2,4,5,0,0,3,5,3,0,0,0,0,0,0,0,0,0,3,0,0,0,0,0,0,4,0,0,0,0,1,0,0,0,0,0,0,1,0,0,0,0,0,0,0,0,0,0,0,0,0,0,0,0,0,0,0,0,0,0,0,0,0,0,0,0,0,0,2,0,0,0,0,0,0,0,0,1,0,0,0,3,3,17,0,6,0,0,2,3,0,9,4,2,3,6,12,7,10,7,0,0,9,0,8,0,1,1,5,2,8,8,5,5,1,6,12,3,5,11,9,2,9,22,5,0,6,13,4,0,3,18,0,11,11,10,8,10,14,0,9,3,7,12,0,12,9,0,0,23,17,12
EST,NDELELE,0,9,9,0,0,1,3,6,11,22,3,3,9,0,2,1,13,0,0,0,0,10,0,0,0,0,0,9,6,0,5,0,4,0,0,0,0,0,2,3,9,0,5,0,0,1,14,12,6,0,13,0,0,17,3,20,1,9,2,1,6,80,2,0,17,13,3,2,0,34,4,0,1,9,0,2,4,7,8,11,17,9,8,2,17,84,12,137,23,30,33,49,75,78,11,67,50,56,52,76,0,120,11,24,7,74,18,32,28,7,0,29,30,22,13,13,13,2,18,46,21,25,9,10,11,18,10,8,29,36,29,20,67,39,9,35,1,27,0,56,14,1,18,53,21,44,44,72,27,56,17,68,80,63,88,4,57,53,62,32,45,9,13,45,58,12,29,31,28,11,14,42,51,16,25,22,23,22,40,28,41,13,85,6,18,5,2,4,4,11,9,15,1,6,12,20,10,16,9,12,6,8,13,15,23,21,19,8
EST,NGUELEMENDOUKA,6,4,4,0,0,0,20,0,0,0,0,0,0,0,0,0,0,0,0,0,0,0,0,0,0,9,0,0,0,0,0,0,0,0,0,0,0,0,0,0,0,0,0,0,0,0,4,0,0,5,3,0,0,0,0,0,0,0,0,0,0,6,5,4,3,0,0,0,0,0,0,2,0,0,0,0,0,0,0,0,0,0,0,0,0,0,0,0,0,0,0,0,0,0,0,0,0,0,0,0,0,0,0,0,0,0,0,0,0,0,0,0,0,0,0,0,0,1,0,2,0,2,1,0,9,2,0,0,0,12,13,2,15,7,4,4,4,3,0,6,6,1,6,7,4,6,4,7,3,0,9,6,6,0,7,0,9,0,12,8,6,8,10,9,13,10,8,0,4,4,4,4,0,1,1,3,8,5,7,3,0,2,0,8,9,8,0,8,0,6,8,8,8,9,7,8,8,9,7,7,12,20,9,20,27,21,20,16
EST,YOKADOUMA,12,0,0,0,0,0,0,3,9,0,0,1,0,0,0,0,0,8,9,12,22,21,0,0,0,0,0,13,2,33,21,23,22,0,13,4,4,15,16,48,5,6,0,32,7,7,0,36,19,4,12,8,3,3,1,4,2,12,9,0,1,9,11,6,14,7,14,0,21,8,19,0,0,22,15,14,10,0,0,0,44,13,25,0,5,11,0,18,26,0,14,0,13,9,9,12,12,25,18,0,4,3,0,3,18,0,0,12,0,19,3,3,4,15,13,12,11,16,8,20,37,36,13,0,7,16,0,19,17,16,17,19,5,43,43,47,47,18,14,0,4,3,35,8,33,4,38,21,25,7,2,3,19,10,6,16,17,6,26,20,24,16,22,25,9,18,24,9,7,11,6,8,3,12,12,26,0,6,15,4,29,20,2,32,4,3,21,6,5,0,10,15,9,19,22,21,24,0,3,36,18,45,14,8,12,13,0,5
EXTREME NORD,BOGO,0,0,0,0,0,0,0,0,0,0,0,0,0,0,NA,0,0,0,0,0,0,0,0,0,0,0,0,0,0,0,0,0,0,0,0,0,0,0,0,0,NA,0,0,0,0,NA,0,0,0,0,0,0,0,0,0,NA,0,0,0,0,0,0,0,0,0,0,0,0,0,0,0,2,0,0,0,0,0,0,0,0,0,NA,0,NA,0,0,0,0,0,0,0,0,0,0,0,0,0,0,0,0,0,0,NA,NA,0,0,0,0,0,0,0,0,0,0,0,0,0,NA,0,0,NA,0,0,0,0,0,0,0,0,NA,0,0,0,2,0,0,0,0,0,0,NA,0,0,0,0,0,0,0,0,0,0,0,0,0,0,0,0,0,0,0,0,0,0,0,0,0,0,0,0,0,0,0,0,0,0,0,0,0,0,0,0,0,0,0,0,0,0,0,0,0,0,0,0,0,0,0,0,0,0,0,0,0,0,0,0,0,0,0
EXTREME NORD,BOURHA,6,5,10,12,8,6,9,10,11,4,4,9,10,0,9,3,4,0,7,5,8,7,25,8,8,5,1,9,8,12,11,5,6,2,3,7,2,3,10,8,NA,9,26,17,18,11,14,30,18,18,14,21,3,13,7,9,9,5,20,0,4,9,13,28,16,10,25,11,15,10,7,15,9,4,2,8,7,4,4,0,3,9,15,3,0,16,5,10,10,12,13,9,0,20,0,11,17,23,3,9,10,0,4,4,9,20,11,11,8,15,12,10,11,9,11,17,0,32,24,0,21,18,16,20,11,26,13,16,4,2,20,13,16,6,11,9,9,13,6,0,8,12,4,12,16,7,11,8,11,18,9,2,3,0,6,8,7,14,16,11,13,9,7,11,15,21,13,14,14,15,24,5,20,10,6,14,9,4,9,9,11,14,10,11,9,11,9,17,12,9,0,0,7,5,1,12,11,10,13,11,13,8,9,9,7,5,8,7
EXTREME NORD,GAZAWA,NA,NA,NA,NA,NA,NA,NA,NA,NA,NA,NA,NA,NA,NA,NA,NA,NA,NA,NA,NA,NA,NA,NA,NA,NA,NA,NA,NA,NA,NA,NA,NA,NA,NA,NA,NA,NA,NA,NA,NA,NA,NA,NA,NA,NA,NA,NA,NA,NA,NA,NA,NA,4,3,3,4,2,5,0,2,3,7,4,0,1,7,4,0,0,3,0,6,0,0,2,5,2,2,0,1,1,3,2,0,75,81,55,93,58,69,44,68,1,NA,30,16,17,0,11,9,12,6,8,11,10,6,24,21,0,16,0,23,32,31,9,20,23,23,24,28,40,35,29,36,33,28,34,45,31,25,0,0,0,16,16,28,22,42,23,20,16,21,9,13,13,11,13,9,4,12,16,15,13,11,11,12,11,10,12,18,13,17,10,9,11,9,16,8,9,22,18,27,7,11,10,2,11,6,14,8,0,0,4,7,4,11,2,12,6,11,12,19,15,14,32,42,18,11,0,25,16,24,23,10,7,8,13,6
EXTREME NORD,GOULFEY,2,12,1,0,0,1,0,NA,NA,NA,NA,NA,0,NA,0,0,0,0,NA,NA,0,NA,NA,NA,0,NA,NA,0,NA,NA,NA,NA,0,0,0,0,0,0,0,NA,NA,NA,NA,NA,NA,NA,NA,0,NA,0,NA,NA,0,0,NA,0,NA,0,0,NA,0,NA,0,0,0,0,NA,NA,NA,NA,0,0,0,0,0,NA,0,NA,0,0,0,0,0,NA,0,NA,0,NA,NA,0,NA,NA,NA,NA,NA,NA,0,NA,NA,NA,0,0,NA,NA,0,0,0,0,0,NA,NA,NA,NA,NA,0,NA,0,NA,NA,0,NA,NA,NA,0,NA,NA,NA,0,NA,NA,0,NA,NA,0,NA,NA,0,NA,NA,0,NA,NA,NA,0,0,NA,0,0,0,0,NA,NA,NA,NA,NA,NA,NA,0,0,0,0,0,0,0,0,0,0,0,0,0,0,0,0,0,0,0,0,0,0,0,0,0,0,0,0,0,0,0,0,0,0,0,0,0,0,0,0,0,0,0,3,0,0,0,0,0,0,0
EXTREME NORD,GUERE,0,0,0,0,0,0,0,0,0,0,0,0,0,NA,0,0,0,0,NA,NA,NA,NA,0,0,0,0,NA,0,0,NA,0,0,0,0,0,0,0,0,NA,0,NA,0,NA,0,0,NA,NA,0,0,0,NA,0,0,0,0,NA,0,25,0,0,0,NA,0,0,0,0,0,0,0,0,0,0,0,0,0,0,0,NA,NA,0,0,0,0,0,0,0,0,0,0,0,2,0,0,NA,0,0,0,NA,0,0,0,0,NA,NA,0,0,0,0,0,0,0,0,NA,0,0,0,0,0,0,NA,0,0,0,0,0,0,1,0,0,0,NA,0,0,0,NA,NA,0,NA,0,0,NA,0,0,0,0,0,0,0,0,0,0,0,0,0,0,0,0,0,0,0,0,0,0,0,0,0,0,0,0,0,0,0,0,0,0,0,0,0,0,0,0,0,0,0,0,0,0,0,0,0,0,0,0,0,0,0,0,0,0,0,0,0,0,0,0,0,0,0
EXTREME NORD,GUIDIGUIS,18,11,43,19,11,28,12,39,26,33,35,14,30,20,26,12,25,32,4,26,28,6,22,14,16,19,24,15,10,16,2,43,27,19,24,42,38,58,60,31,16,70,87,49,84,70,0,26,18,0,13,25,14,16,7,2,0,3,24,3,42,24,9,0,34,29,6,0,20,7,9,2,2,4,3,12,11,15,6,2,0,4,0,6,18,32,38,4,13,29,16,15,45,0,34,14,9,10,33,29,31,28,26,8,3,6,14,22,5,25,31,14,22,28,21,19,35,22,44,38,37,31,19,19,9,11,15,18,2,2,3,23,0,5,14,17,NA,1,73,15,5,30,13,6,3,5,3,2,4,21,4,6,15,10,2,24,8,19,22,7,27,22,47,41,37,37,60,33,48,28,43,38,17,43,30,26,27,19,10,12,15,5,39,10,23,6,4,7,5,2,40,15,14,43,9,6,13,5,53,23,10,8,25,16,27,33,1,16
EXTREME NORD,HINA,0,0,0,0,0,0,0,0,0,0,NA,0,0,NA,0,0,0,0,0,0,0,0,0,0,NA,0,0,0,0,0,0,0,0,0,0,0,0,0,0,0,0,0,0,0,0,0,0,0,0,0,0,0,0,0,0,0,0,0,0,0,0,0,0,0,0,0,0,0,0,0,0,0,0,0,0,0,0,0,0,0,0,0,17,0,0,0,0,0,0,13,0,0,0,0,0,0,NA,0,0,0,0,0,0,0,0,0,0,0,0,0,0,0,0,0,0,0,0,0,0,0,0,0,0,0,0,4,0,0,0,0,0,0,NA,0,0,0,NA,0,0,0,0,0,0,0,0,0,0,0,0,0,0,0,0,0,0,0,0,0,0,0,0,0,0,0,0,0,0,0,0,0,0,0,0,0,0,0,0,0,0,0,0,0,0,0,0,0,0,0,0,0,0,0,0,0,0,0,0,0,0,0,0,0,0,0,0,0,0,0
EXTREME NORD,KAELE,11,4,4,0,10,1,0,4,0,1,0,1,0,1,0,1,3,0,3,1,0,0,1,1,0,0,0,1,0,0,0,0,0,0,0,0,NA,0,0,0,1,7,0,5,0,0,8,0,0,5,5,0,0,0,0,4,0,1,0,0,0,0,4,0,4,3,0,0,8,1,3,0,0,0,0,0,3,0,5,2,1,0,3,0,0,2,0,0,1,6,12,8,12,0,0,0,4,0,0,0,0,0,0,0,0,0,5,0,0,NA,3,0,1,0,4,1,0,2,0,0,0,0,0,3,0,4,0,0,4,0,0,0,0,1,NA,0,0,0,0,NA,8,0,0,4,4,0,2,0,2,0,2,0,2,0,0,0,0,1,0,0,0,3,0,10,8,0,0,2,6,3,2,4,1,0,3,1,4,0,0,4,1,0,0,0,2,0,0,2,0,0,2,6,4,0,1,1,1,2,0,1,1,2,0,0,0,0,0,0
EXTREME NORD,KAR HAY,3,8,10,10,5,6,26,14,7,0,NA,6,2,0,0,0,8,4,NA,1,1,1,0,0,1,0,NA,NA,1,4,2,10,5,13,12,24,17,16,29,NA,12,0,NA,0,7,NA,NA,1,NA,3,0,0,0,0,3,5,0,6,0,NA,4,0,0,0,6,7,0,0,0,0,0,0,0,0,0,2,7,4,2,NA,NA,NA,0,0,0,NA,0,0,0,NA,NA,0,0,0,NA,0,0,0,NA,4,4,0,11,10,NA,0,0,0,0,0,0,0,3,0,0,NA,NA,0,5,0,NA,5,4,0,3,0,8,0,16,18,3,5,3,7,12,0,NA,0,23,9,12,16,2,0,0,NA,NA,NA,NA,12,10,6,19,19,NA,8,8,11,0,11,11,0,0,0,9,2,0,0,24,8,0,15,0,24,12,14,12,9,3,11,22,15,19,9,21,16,12,14,15,31,24,3,7,20,10,23,4,7,44,8,5,12,24,20,15,10,0,43
EXTREME NORD,KOLOFATA,0,2,0,0,0,0,0,0,10,4,1,3,0,5,3,0,0,0,1,0,0,0,0,1,0,0,3,0,0,0,0,0,0,0,0,0,0,0,0,0,0,0,0,0,0,0,0,0,NA,0,0,0,0,0,0,0,0,0,0,0,0,0,0,0,0,0,0,0,0,0,0,0,0,0,0,0,0,0,0,0,0,0,0,0,0,0,0,0,0,0,0,0,0,0,0,0,0,0,0,0,0,0,0,0,0,0,0,0,0,0,0,0,0,0,0,0,0,0,0,0,0,0,0,0,0,0,0,0,0,0,0,0,0,0,0,0,0,0,0,0,0,0,0,0,0,0,0,0,0,0,0,0,0,0,0,0,0,0,0,0,0,0,0,0,0,0,0,0,0,0,0,0,0,0,0,0,0,0,0,0,0,0,0,0,0,0,0,0,0,0,0,0,0,0,0,0,0,0,0,0,0,0,0,0,0,0,0,0
EXTREME NORD,KOUSSERI,2,0,19,3,0,26,1,2,36,11,84,0,24,NA,0,0,3,10,14,17,3,18,7,2,10,NA,8,0,19,5,10,7,10,0,4,0,0,9,0,0,7,6,0,30,NA,NA,0,0,NA,NA,6,9,3,18,1,1,6,2,30,0,0,0,0,2,11,3,13,1,8,0,15,13,1,1,0,9,0,0,0,1,5,1,11,0,0,26,0,5,6,10,0,0,38,NA,0,4,0,NA,NA,NA,0,0,NA,0,2,0,0,0,0,2,0,5,3,10,4,0,8,19,NA,1,NA,0,0,0,16,0,0,NA,1,NA,1,NA,0,NA,NA,0,NA,NA,0,0,4,0,2,66,27,25,37,0,0,9,23,0,3,0,7,0,0,18,14,16,0,7,9,36,6,31,14,17,23,14,14,0,24,29,11,2,21,0,11,0,0,2,0,4,0,0,20,13,0,24,14,15,2,25,0,17,31,0,0,23,24,14,1,0,42,29,0,0
EXTREME NORD,KOZA,4,2,0,0,0,2,0,4,0,3,3,0,1,0,1,NA,0,0,NA,1,NA,0,0,0,NA,0,NA,NA,2,NA,0,0,0,0,0,0,0,0,0,0,NA,NA,NA,0,0,0,12,5,0,NA,0,NA,0,0,NA,0,3,NA,7,0,0,3,1,1,1,2,0,4,3,1,1,1,0,4,2,0,0,0,NA,0,0,0,0,0,0,0,0,NA,0,NA,4,0,0,0,0,0,2,0,0,0,0,NA,0,0,0,0,2,0,0,NA,0,2,1,2,0,0,0,1,1,0,NA,0,0,NA,1,0,NA,NA,NA,NA,NA,0,0,1,0,3,13,0,17,NA,NA,3,NA,0,0,0,0,2,14,15,7,0,16,6,0,NA,6,6,1,2,6,0,9,14,5,0,12,10,0,0,0,0,0,0,0,0,0,1,1,0,0,0,0,0,0,0,0,0,0,0,0,0,0,0,0,0,0,0,0,0,0,0,0,0,0,0,0,9
EXTREME NORD,MADA,3,1,2,3,1,2,1,0,1,1,6,0,2,0,0,1,0,0,0,0,2,NA,0,1,0,1,0,0,0,NA,0,0,0,0,2,0,1,3,0,0,NA,2,0,0,0,0,0,0,0,0,1,NA,4,3,0,NA,0,0,0,0,0,0,1,0,0,0,0,0,4,0,0,0,0,0,3,0,1,0,0,0,0,0,0,0,0,0,0,0,NA,NA,NA,1,1,0,2,0,2,0,0,1,0,NA,NA,NA,0,0,0,NA,0,NA,0,0,0,0,0,0,0,0,NA,0,NA,0,NA,0,NA,3,0,1,NA,0,0,0,0,NA,NA,0,NA,NA,NA,NA,NA,NA,0,0,0,0,0,0,4,0,0,0,0,2,6,8,7,5,0,9,0,0,2,0,1,4,0,0,3,0,0,0,0,0,0,0,0,0,0,0,0,0,0,0,0,4,0,0,0,0,3,1,0,NA,0,0,0,0,0,0,0,0,0,0,0,0,0,0
EXTREME NORD,MAGA,0,0,1,0,1,0,0,0,0,0,0,0,NA,0,0,0,0,0,0,NA,NA,0,0,NA,0,0,0,0,0,0,1,0,0,0,0,0,0,0,NA,1,0,0,0,0,0,0,0,0,0,0,0,0,0,0,0,0,0,0,0,0,0,0,0,0,0,0,0,0,0,0,0,0,0,0,0,0,0,NA,0,NA,0,0,0,0,0,0,0,0,0,0,0,0,0,0,0,0,4,0,0,0,0,0,0,0,0,0,0,0,0,0,0,0,0,0,0,0,0,0,0,0,0,0,0,0,0,0,0,0,0,0,0,0,0,0,0,0,0,0,0,0,0,0,0,0,0,0,0,0,0,0,0,0,0,0,0,2,0,0,0,0,0,0,0,0,1,0,0,4,2,5,0,1,1,0,0,1,0,0,1,0,0,0,0,0,0,0,0,0,0,0,0,0,0,0,0,0,0,0,0,0,0,0,0,0,11,1,1,0
EXTREME NORD,MAKARY,0,0,0,0,0,0,0,10,12,NA,NA,0,0,NA,0,0,0,NA,NA,NA,NA,NA,0,1,2,0,NA,NA,NA,NA,NA,NA,NA,NA,NA,NA,0,0,NA,NA,NA,0,NA,NA,NA,NA,NA,0,0,0,NA,NA,NA,NA,0,8,0,NA,NA,0,4,0,16,11,0,0,NA,NA,NA,0,NA,NA,0,NA,0,NA,0,NA,NA,NA,NA,NA,NA,NA,0,NA,NA,NA,NA,NA,NA,NA,0,0,NA,8,0,0,NA,NA,NA,NA,NA,NA,NA,NA,0,9,0,6,9,2,16,13,0,0,25,0,0,0,0,22,36,4,0,0,NA,NA,NA,NA,NA,NA,NA,NA,NA,NA,NA,NA,0,0,0,0,0,0,0,0,0,0,0,0,0,NA,NA,NA,NA,NA,NA,0,0,0,0,24,66,60,0,38,52,0,0,0,0,0,0,0,0,0,0,0,0,0,0,16,19,14,0,0,0,18,8,0,0,1,0,0,0,0,0,0,12,2,5,11,17,16,42,15,49,32
EXTREME NORD,MAROUA 1,9,10,10,10,1,8,NA,5,15,5,NA,NA,7,19,14,8,8,3,7,1,NA,0,3,6,5,NA,0,4,4,3,1,2,6,4,6,1,1,6,10,6,14,1,0,NA,1,43,5,32,NA,NA,NA,NA,59,40,NA,35,40,33,26,24,24,25,38,39,47,36,33,26,25,35,61,48,65,NA,30,18,27,31,14,17,12,16,9,7,13,28,25,54,5,50,25,29,50,34,18,28,0,29,16,32,26,24,12,13,11,23,10,20,NA,29,4,12,19,11,12,21,19,19,24,0,17,8,14,14,5,21,20,25,12,4,10,4,11,7,9,29,31,33,39,18,16,19,0,11,18,20,26,27,17,18,30,19,24,14,56,43,25,23,17,19,41,32,43,44,25,40,26,14,25,29,15,14,17,28,19,20,11,16,25,11,21,13,27,16,24,27,19,26,55,42,31,19,33,50,21,23,32,64,82,97,112,153,226,96,32,106,53,31
EXTREME NORD,MAROUA 2,23,27,22,20,29,18,44,25,32,16,35,23,36,19,25,16,15,20,14,0,23,27,12,22,15,11,18,18,21,20,8,16,23,16,28,34,38,37,47,28,65,51,0,43,58,7,49,0,73,55,49,NA,31,39,24,18,1,11,21,15,19,19,31,17,11,25,25,15,25,31,44,32,22,36,6,14,10,NA,NA,9,13,13,11,0,17,15,18,18,34,NA,NA,25,25,27,22,8,21,22,NA,12,10,6,NA,10,14,20,11,19,23,15,11,13,18,5,19,5,NA,17,NA,2,4,6,3,44,7,6,12,10,9,9,12,6,7,9,1,27,28,9,15,11,NA,1,16,18,17,13,26,18,14,18,13,16,17,3,21,23,0,1,4,8,15,0,35,6,21,15,15,71,23,29,24,14,19,22,9,11,9,9,10,7,8,8,3,5,0,0,0,12,5,0,12,14,5,15,14,4,12,32,21,7,18,35,0,19,14,13,35,17
EXTREME NORD,MAROUA 3,NA,NA,NA,NA,NA,NA,NA,0,NA,NA,NA,NA,NA,NA,NA,NA,NA,NA,NA,NA,NA,NA,NA,NA,NA,NA,NA,NA,NA,NA,NA,NA,NA,NA,NA,NA,NA,NA,NA,NA,NA,NA,NA,NA,NA,NA,NA,NA,NA,NA,NA,NA,0,0,NA,1,NA,2,0,0,0,0,0,0,0,0,1,0,0,0,0,0,0,0,1,0,0,0,0,0,0,0,0,0,0,0,0,0,0,0,0,0,0,0,0,0,0,0,0,0,0,0,NA,0,0,0,3,0,7,1,0,0,2,4,0,0,0,1,0,5,9,0,9,5,14,10,10,10,10,0,0,3,NA,0,5,82,3,19,NA,65,NA,1,0,7,10,12,0,0,10,0,0,3,7,7,0,5,13,0,3,8,11,4,0,19,7,7,0,15,0,0,10,0,10,0,13,0,3,8,0,3,6,6,0,4,15,12,10,0,0,9,2,3,10,11,22,18,22,22,0,29,11,8,8,16,0,0,14,16
EXTREME NORD,MERI,0,0,0,0,0,0,0,0,0,0,0,0,0,0,0,0,0,0,0,0,0,0,0,0,0,0,0,0,0,0,0,0,0,0,0,0,0,0,0,0,NA,0,0,0,0,0,0,0,0,0,0,0,0,0,0,0,0,0,0,0,0,0,0,0,0,0,0,0,0,0,0,0,0,0,0,0,0,0,0,0,0,0,0,0,0,0,0,NA,0,0,0,0,0,0,NA,0,0,0,0,0,0,0,0,0,0,0,0,0,0,NA,0,0,0,0,0,0,0,0,0,0,0,0,0,NA,0,0,0,0,0,0,0,0,0,0,NA,0,0,0,0,0,0,0,0,0,0,0,0,0,0,0,0,0,0,0,0,NA,0,0,0,0,0,0,0,0,0,0,0,0,0,0,0,0,0,0,0,0,0,0,0,0,0,0,0,1,0,0,0,0,0,0,0,0,0,0,0,0,0,0,0,0,0,0,0,0,0,0,0,0
EXTREME NORD,MINDIF,0,0,0,0,0,0,0,0,0,0,NA,0,0,0,NA,0,0,0,NA,0,0,0,0,0,0,0,0,0,2,0,1,0,2,0,2,0,0,0,0,0,NA,NA,NA,0,NA,0,0,0,1,1,0,0,3,0,NA,NA,NA,NA,1,0,0,0,1,0,0,0,0,1,7,1,0,0,0,1,0,0,5,NA,0,0,0,0,0,0,0,0,NA,NA,0,NA,0,0,0,0,0,0,0,0,NA,0,0,0,0,0,0,0,0,0,0,NA,0,0,0,0,0,0,0,0,2,0,0,0,0,0,0,0,0,0,0,0,0,0,0,0,0,0,0,NA,0,0,0,0,0,0,0,0,0,0,0,0,0,0,0,0,0,NA,0,0,0,0,0,0,0,0,0,0,0,0,0,11,0,0,0,4,0,2,0,0,1,0,0,0,0,0,0,0,0,0,0,0,0,0,0,0,0,0,0,0,0,0,0,0,0,0,0,0,0,0
EXTREME NORD,MOGODE,0,0,0,0,0,0,1,0,0,0,3,0,0,0,0,0,0,0,0,0,0,0,0,NA,0,0,0,0,1,0,0,0,NA,NA,0,0,NA,0,NA,0,0,0,0,0,0,0,0,4,0,0,NA,NA,0,0,0,0,0,0,0,0,0,0,0,0,2,0,0,NA,0,0,0,0,0,2,0,0,0,NA,1,0,0,0,0,0,0,0,0,0,NA,0,0,0,0,NA,0,0,NA,0,0,NA,NA,NA,3,0,0,0,0,2,0,NA,0,NA,1,1,0,0,0,0,0,0,NA,NA,0,0,NA,NA,NA,0,0,0,0,3,NA,0,0,0,0,0,NA,0,0,0,0,0,0,0,0,0,0,0,0,0,0,0,0,0,0,0,0,0,0,0,0,0,0,0,0,0,0,0,0,0,0,0,0,0,0,0,0,0,0,0,0,0,0,0,0,0,0,0,0,0,0,0,0,0,0,0,0,0,0,0,0,0,0,0,0,0
EXTREME NORD,MOKOLO,1,0,1,3,1,1,1,0,1,0,0,0,1,0,2,0,0,0,0,0,0,7,0,0,0,0,0,0,0,0,0,0,0,1,1,1,0,0,0,0,1,0,3,0,0,0,0,NA,0,NA,NA,NA,0,0,2,2,0,0,0,0,0,0,0,0,0,0,0,0,0,0,0,0,0,0,0,0,0,0,0,0,0,0,0,0,0,0,0,0,0,0,0,0,0,0,0,0,0,0,0,0,0,0,0,0,0,0,0,0,0,0,0,0,0,0,1,0,0,0,0,0,0,0,0,0,0,0,0,0,0,0,0,0,0,0,0,0,0,0,0,0,0,0,0,0,0,0,0,0,0,0,0,0,0,0,0,0,0,0,0,0,0,0,0,0,0,0,0,0,0,0,0,0,0,0,0,0,0,0,0,0,0,0,0,0,0,0,0,0,0,0,0,0,0,0,0,0,0,0,0,0,0,0,0,0,0,0,0,0
EXTREME NORD,MORA,0,0,0,6,0,0,0,9,0,0,NA,0,4,0,3,0,0,0,0,0,0,0,0,0,0,0,5,0,0,NA,0,8,0,16,0,0,0,14,30,0,6,36,24,0,5,0,1,0,4,0,NA,NA,0,0,2,0,16,0,0,2,1,4,5,0,0,3,15,10,9,0,4,28,1,NA,0,0,6,12,0,9,0,7,0,NA,0,0,0,NA,14,28,NA,NA,0,NA,NA,0,0,NA,NA,NA,10,NA,NA,0,NA,4,0,0,0,0,0,0,NA,0,0,0,2,5,0,29,NA,NA,0,NA,4,0,NA,NA,6,0,0,NA,NA,NA,2,15,5,0,0,0,0,12,2,0,0,0,3,1,0,13,11,2,5,0,0,32,0,0,3,40,37,24,1,0,39,19,63,36,29,16,14,14,1,13,5,12,32,0,0,14,0,0,6,0,12,9,10,3,7,11,0,0,15,32,16,2,3,24,10,26,1,17,15,18,16,16,21,3
EXTREME NORD,MOULVOUDAYE,2,9,0,5,1,11,0,12,0,0,5,9,0,1,0,6,2,1,3,0,0,0,1,0,1,3,1,0,0,0,2,2,0,4,0,0,0,0,3,0,NA,1,0,6,1,4,4,0,0,0,4,0,2,1,3,4,0,3,9,4,5,0,4,4,6,5,3,0,3,3,0,0,4,4,0,6,4,4,0,3,0,0,0,2,2,2,3,0,0,0,0,12,10,11,8,0,0,0,0,0,4,7,5,3,5,2,6,12,3,2,5,5,4,3,2,5,0,5,0,3,3,4,5,0,0,2,6,9,0,4,3,7,7,0,8,15,12,7,8,0,0,8,0,0,0,3,0,0,4,3,6,3,5,6,5,0,0,5,7,0,0,6,0,4,8,9,9,7,9,2,7,8,3,0,3,5,5,7,10,3,6,7,7,6,5,0,1,4,2,10,7,0,8,0,0,2,4,10,14,0,7,0,15,0,16,17,0,21
EXTREME NORD,MOUTOURWA,4,3,8,1,3,2,1,1,2,0,NA,3,0,9,1,0,7,4,4,3,0,7,0,0,1,3,3,2,1,1,0,0,2,3,3,1,3,2,3,3,2,6,2,3,4,2,2,2,4,4,3,7,2,3,2,4,3,4,0,4,12,7,5,8,10,6,0,6,2,7,6,7,7,5,13,5,7,3,4,1,4,7,6,5,4,8,11,10,16,19,0,17,24,16,0,14,10,7,5,8,7,9,8,NA,12,6,3,4,2,16,5,3,7,11,7,11,12,10,8,6,7,9,6,6,8,10,5,2,6,8,2,3,2,10,7,14,21,21,19,14,10,8,11,11,6,8,3,1,7,6,2,4,6,1,5,2,4,9,4,5,4,9,8,9,5,9,1,7,12,14,7,8,8,9,9,10,5,13,7,6,6,2,4,0,5,3,5,5,5,5,5,0,2,7,4,6,8,0,12,13,18,6,14,4,10,4,12,12
EXTREME NORD,PETTE,0,0,0,0,0,0,0,0,0,1,0,0,0,0,0,0,0,0,0,0,0,0,0,0,0,0,0,0,0,0,0,0,0,0,0,0,0,0,14,0,0,0,0,0,0,0,0,0,0,0,0,0,0,0,0,1,0,0,0,0,0,17,0,0,0,0,0,0,0,0,0,NA,0,0,0,0,0,0,0,0,0,0,0,0,0,0,0,0,0,0,0,0,0,0,0,0,0,0,0,0,0,0,0,0,0,0,0,0,0,0,0,0,0,0,0,0,0,0,0,0,0,0,0,0,0,0,0,0,0,0,NA,0,0,NA,0,0,0,0,0,0,0,0,0,0,0,0,0,0,0,0,0,0,0,0,0,0,0,0,0,0,0,0,0,0,0,0,0,0,0,0,0,0,0,0,0,0,0,0,0,0,0,0,0,0,0,0,0,0,0,0,0,2,2,0,3,0,0,0,1,0,0,1,0,4,2,6,16,15
EXTREME NORD,ROUA,17,14,0,8,17,2,10,8,9,0,4,NA,NA,8,5,0,8,3,5,40,3,7,2,2,0,0,2,1,3,3,17,8,0,0,NA,0,NA,0,0,7,44,35,28,NA,29,14,20,36,33,2,22,4,0,2,0,0,34,7,21,17,17,17,0,11,0,0,0,18,15,14,NA,0,25,12,6,0,9,36,27,5,19,15,3,1,0,0,58,0,10,22,NA,179,160,85,0,52,11,19,32,0,0,NA,45,54,52,32,63,51,65,67,69,62,71,80,89,82,NA,37,50,95,66,70,59,31,40,38,45,0,39,52,27,55,48,38,34,64,74,91,154,59,NA,0,107,67,62,56,21,25,32,0,31,37,39,0,41,50,15,44,29,51,36,35,56,52,61,57,63,67,67,68,64,65,74,26,28,57,8,22,52,26,42,52,37,12,11,27,5,6,18,0,0,0,28,24,29,22,28,6,30,5,23,23,2,22,9,6,20,0
EXTREME NORD,TOKOMBERE,0,0,0,0,0,0,0,0,1,0,0,0,0,0,0,0,0,0,0,0,0,1,0,0,0,0,0,0,0,0,17,0,0,0,0,0,0,0,0,0,0,0,0,0,0,0,0,0,0,0,4,0,0,0,0,0,0,0,8,0,0,5,0,0,0,0,0,1,4,10,0,13,0,4,0,2,7,1,0,0,0,0,0,0,1,1,6,13,0,0,18,5,6,11,3,5,4,11,0,0,8,0,5,5,4,0,7,9,10,3,2,0,1,5,6,0,0,0,1,2,0,0,0,2,1,0,0,0,0,0,0,0,0,0,3,1,1,5,2,3,2,4,0,0,4,3,5,1,3,1,0,4,0,0,4,1,4,7,6,17,9,14,5,5,5,3,8,1,10,8,6,5,0,4,2,6,13,2,1,1,2,1,1,0,10,0,4,2,0,3,0,4,5,1,1,7,0,2,5,18,12,7,10,17,8,14,10,12
EXTREME NORD,VELE,0,0,0,0,0,0,0,0,0,0,NA,0,0,0,0,NA,0,0,0,NA,0,0,0,0,0,0,0,0,0,0,0,0,0,1,0,0,NA,0,0,0,NA,0,0,0,0,0,0,0,0,NA,0,0,0,4,1,1,2,0,1,0,0,NA,0,1,0,0,0,0,0,0,0,8,6,0,0,0,5,NA,0,0,0,2,2,3,3,3,0,NA,0,NA,0,NA,0,9,NA,2,2,0,0,4,2,0,2,0,0,0,4,0,5,0,1,3,4,3,7,3,6,0,0,10,0,5,0,9,5,6,3,11,4,0,6,3,0,0,0,0,0,0,0,0,0,0,0,0,0,0,0,0,0,0,2,0,0,0,0,0,0,0,0,4,0,0,6,2,1,0,0,6,3,5,0,0,0,1,0,4,6,5,5,3,2,2,0,0,1,0,0,0,0,3,0,0,0,0,2,2,0,2,2,0,0,0,6,0,0,0,0,12
EXTREME NORD,YAGOUA,0,0,0,0,0,1,0,10,3,6,0,5,4,3,0,2,0,5,1,1,0,1,0,NA,0,NA,16,26,9,12,6,4,0,14,NA,1,2,2,0,2,NA,NA,NA,0,0,0,1,0,0,2,NA,NA,0,0,0,11,7,2,NA,8,0,0,2,3,0,5,0,9,NA,0,0,0,0,NA,NA,0,0,0,0,0,0,NA,0,NA,0,NA,0,0,NA,0,0,NA,NA,NA,NA,NA,0,0,NA,NA,NA,NA,NA,NA,0,NA,0,0,0,NA,0,0,0,0,0,0,NA,0,NA,NA,NA,NA,NA,0,3,0,NA,NA,7,NA,NA,1,0,1,5,3,NA,0,NA,2,0,0,0,NA,3,2,0,0,0,0,0,15,NA,NA,NA,NA,NA,0,10,0,7,3,3,1,2,0,0,6,3,8,4,3,2,0,12,2,4,6,2,18,0,7,6,5,15,0,13,14,15,16,18,20,22,15,23,16,17,12,13,18,17,0,13,12,10,0,0,0
LITTORAL,ABO,0,0,0,0,0,1,0,2,2,3,1,1,2,2,0,0,1,1,0,0,0,2,0,0,15,0,1,0,0,3,0,1,0,0,2,0,0,3,3,0,6,6,7,7,2,0,NA,NA,NA,NA,NA,NA,2,0,3,4,2,3,4,1,2,0,0,0,0,0,0,0,0,0,0,0,0,0,0,0,0,0,15,10,16,14,10,NA,NA,NA,NA,NA,NA,NA,NA,NA,NA,NA,NA,NA,NA,NA,NA,NA,NA,NA,NA,NA,NA,0,0,0,0,27,18,19,13,4,21,14,8,0,11,0,0,0,7,8,0,11,4,6,15,0,24,21,9,14,19,32,5,0,10,18,0,3,0,29,4,10,10,10,6,13,9,35,11,0,35,41,5,43,41,16,11,5,21,27,14,23,18,0,18,12,10,15,10,3,15,23,25,16,18,15,22,9,12,19,16,4,19,14,18,14,10,8,8,13,16,7,14,18,10,9,9,18,8,0,1,0,8,8
LITTORAL,BOKO,0,11,16,22,9,18,10,14,18,11,18,12,9,14,17,15,16,12,18,26,30,28,14,15,0,12,8,0,22,6,26,9,12,11,13,14,23,16,12,17,33,18,16,38,0,11,10,12,27,16,13,12,10,23,26,24,13,34,26,4,13,11,30,25,24,18,9,24,10,14,15,11,8,0,8,12,24,0,17,8,10,8,22,8,8,8,6,19,14,10,25,0,24,15,13,31,24,21,18,12,16,21,19,22,26,0,0,22,15,20,28,75,0,44,37,40,46,19,40,20,0,12,170,15,57,52,41,46,45,50,64,64,55,40,48,25,14,57,17,0,13,59,20,15,8,10,71,40,75,61,92,96,74,34,70,0,23,47,52,30,28,21,43,38,55,41,48,54,25,34,61,56,53,21,38,86,98,15,54,88,64,32,41,35,25,50,45,0,33,51,28,45,32,14,55,37,132,61,96,76,47,76,22,67,52,44,79,26
LITTORAL,BONASSAMA,0,0,13,1,16,0,29,4,10,18,10,9,16,22,13,23,23,9,3,6,26,9,8,26,0,16,7,17,26,13,21,4,12,12,12,19,14,8,11,31,28,3,62,41,61,52,33,20,5,24,22,6,6,28,32,29,21,21,4,27,22,23,38,28,43,40,34,16,30,2,7,16,11,13,20,14,21,16,27,45,39,0,35,30,23,27,8,23,15,43,22,27,55,37,44,31,0,38,20,40,180,20,32,47,43,16,37,26,5,32,14,14,10,10,25,22,6,13,7,17,0,20,15,21,16,20,16,11,19,8,28,21,0,26,12,19,15,17,17,22,0,0,0,24,27,50,27,58,35,54,44,28,36,31,37,21,23,32,29,17,12,23,28,21,14,24,17,23,23,21,13,15,18,0,19,26,18,23,19,26,19,73,14,22,24,28,32,26,26,30,19,19,18,28,0,51,52,55,46,31,28,36,30,23,25,41,35,17
LITTORAL,CITE PALMIERS,11,16,41,16,12,16,0,0,0,33,24,33,21,18,3,6,3,27,0,33,37,0,0,2,12,1,1,0,18,6,17,3,13,1,0,9,0,14,41,1,33,64,60,11,0,47,52,12,28,15,NA,NA,50,49,40,47,33,36,27,34,39,43,47,45,30,35,49,43,66,7,32,49,50,45,42,28,22,33,45,34,34,44,8,40,40,39,31,34,16,39,50,79,55,32,28,36,41,27,30,0,55,30,28,36,35,35,32,33,32,45,40,35,40,20,26,18,40,31,14,30,0,18,24,0,10,32,4,4,49,20,37,41,10,23,13,9,2,18,17,25,10,25,28,20,15,0,11,10,19,51,60,39,44,17,39,25,20,32,13,10,15,13,20,27,31,26,4,20,22,30,14,9,11,1,1,3,10,6,8,10,15,5,6,14,13,16,0,0,0,4,5,5,10,16,26,22,47,103,68,14,29,21,42,8,15,6,0,12
LITTORAL,DEIDO,29,27,29,34,14,26,27,28,43,18,18,45,33,20,27,11,14,57,24,41,27,6,4,0,47,41,14,5,14,14,25,41,32,16,40,56,16,8,5,14,0,0,0,0,38,6,7,12,19,0,5,NA,19,13,24,22,22,18,26,0,18,23,26,25,24,19,25,20,21,0,0,0,24,24,18,20,22,47,24,24,10,22,22,30,10,14,15,0,49,73,60,47,62,10,50,39,30,0,1,0,5,NA,NA,NA,NA,20,26,0,34,36,42,6,51,38,9,42,35,24,38,27,0,30,3,19,59,33,40,36,36,38,37,23,57,36,40,25,47,14,4,55,28,0,0,11,24,42,34,0,32,38,23,24,39,25,24,NA,NA,33,31,16,0,30,10,12,11,47,37,47,0,20,56,33,0,0,8,8,28,23,18,35,6,7,3,7,12,12,12,37,20,2,10,9,15,20,16,15,27,26,16,13,21,9,56,34,23,40,27,6
LITTORAL,DIBOMBARI,1,1,2,3,1,0,0,2,2,3,1,1,2,1,0,0,1,0,0,0,1,4,0,0,3,1,1,0,1,1,5,0,0,2,2,0,0,0,1,2,11,4,8,12,4,7,8,6,2,0,NA,NA,5,6,39,12,3,11,3,0,0,0,4,4,5,0,2,2,5,0,11,1,7,3,1,1,1,0,2,1,0,0,2,0,0,0,2,0,2,1,0,3,2,2,0,0,2,8,0,1,0,1,0,2,1,85,104,82,72,103,94,86,59,61,74,74,64,49,51,70,65,64,60,71,51,167,129,99,114,106,33,27,38,58,34,34,34,30,20,49,18,41,25,44,68,50,31,63,51,57,72,70,70,NA,NA,NA,NA,25,137,132,134,28,17,4,44,69,27,38,5,65,0,52,0,40,54,77,49,49,52,60,57,9,12,30,27,50,50,45,76,34,51,96,30,40,80,55,127,131,90,113,22,73,93,56,98,89,93,51
LITTORAL,EDEA,0,2,6,6,4,2,7,12,13,6,2,9,7,12,0,0,7,7,4,7,9,17,0,0,0,0,3,3,3,3,10,8,5,4,6,4,0,0,9,0,10,14,17,57,0,20,23,37,23,22,8,NA,26,13,20,21,11,0,7,7,8,7,10,11,5,3,9,10,13,9,0,21,15,13,6,15,8,6,2,0,11,16,21,11,0,14,15,5,14,16,18,15,20,16,25,8,19,15,15,12,23,15,13,14,13,0,2,0,2,0,3,3,0,0,1,0,0,0,0,1,1,0,0,0,0,0,0,0,0,2,2,2,0,2,0,0,0,2,0,0,0,0,0,0,0,0,0,0,2,0,5,4,NA,0,0,NA,NA,0,0,0,0,0,0,0,0,2,1,0,0,4,0,0,2,1,3,1,0,0,1,2,0,0,2,0,4,0,0,0,0,0,0,0,0,0,0,4,3,0,4,4,0,0,3,0,2,0,0,0
LITTORAL,JAPOMA,16,17,2,2,0,1,0,0,7,6,9,4,8,0,0,1,3,4,0,0,2,0,0,17,0,0,0,0,1,0,0,0,0,0,1,0,23,15,34,9,2,2,2,3,4,5,1,0,2,3,1,1,0,1,3,3,2,4,2,1,3,9,3,6,10,5,1,6,5,3,14,5,4,4,9,9,7,4,7,13,1,6,5,10,13,8,6,10,6,9,11,3,15,6,4,9,4,14,11,16,1,19,14,26,18,23,13,6,5,11,29,4,56,13,7,12,3,11,8,5,0,12,11,0,9,12,15,9,19,0,7,12,16,15,3,15,7,19,3,5,1,4,0,0,0,11,6,7,9,10,14,22,16,17,16,20,27,15,12,15,19,15,9,12,16,18,8,14,13,18,11,8,2,5,0,12,11,9,17,11,13,8,10,8,11,1,4,0,1,5,10,11,8,7,7,13,18,28,24,24,45,18,23,24,20,12,15,7
LITTORAL,LOGBABA,7,12,0,0,0,0,12,0,7,1,0,27,45,15,23,21,37,24,0,18,47,55,58,92,40,12,0,75,69,67,60,65,44,75,5,29,31,93,19,61,55,119,36,69,0,35,19,41,33,18,33,18,31,50,50,42,0,42,23,0,9,34,18,5,11,4,60,39,8,22,9,38,17,5,23,11,28,12,12,28,19,4,2,6,4,11,25,9,16,31,17,23,39,12,26,25,23,0,21,27,25,NA,NA,NA,NA,30,0,0,11,26,22,35,1,1,70,10,11,45,7,26,21,14,9,1,9,17,15,8,15,24,11,5,3,14,17,4,10,7,1,4,5,0,0,10,17,14,32,46,11,40,27,19,27,34,0,NA,NA,11,8,22,18,28,38,17,40,0,27,15,21,0,6,0,0,3,13,8,9,17,17,2,9,2,9,2,1,0,0,0,0,0,6,8,12,29,29,44,46,7,85,61,15,8,21,23,10,10,0,40
LITTORAL,LOUM,30,23,16,23,29,0,14,27,21,NA,4,0,0,20,27,16,18,14,6,0,26,0,0,0,20,0,14,8,18,20,7,18,NA,18,20,0,24,0,34,34,46,41,47,51,27,0,33,22,14,16,0,43,0,32,29,21,21,21,22,23,17,9,27,19,34,18,22,26,10,17,23,22,19,0,28,27,22,14,19,19,16,23,18,24,23,21,24,24,19,21,45,22,31,30,23,28,31,37,13,34,10,34,16,NA,NA,22,14,14,5,11,22,18,50,2,7,5,17,9,36,13,0,5,8,7,9,8,12,20,15,38,28,25,24,28,39,3,15,0,0,1,10,6,8,12,18,26,12,113,25,28,23,16,29,34,34,33,NA,75,43,78,57,24,18,25,21,0,87,54,11,12,24,20,24,45,33,42,43,25,41,50,58,125,54,37,47,48,21,56,38,25,34,25,83,57,80,139,105,64,37,21,0,0,41,76,65,47,70,46
LITTORAL,MANJO,0,0,7,7,9,10,5,9,0,8,7,4,5,7,0,12,6,8,8,8,9,11,13,10,7,12,12,12,7,10,11,0,11,6,7,6,8,9,7,8,6,9,10,12,8,10,13,12,20,15,9,3,7,12,15,12,3,4,2,3,6,11,10,0,8,10,10,8,10,7,5,5,7,2,5,5,5,4,7,5,4,5,6,7,8,5,10,5,8,5,18,10,7,4,6,10,7,10,7,4,6,8,6,13,10,25,22,30,29,27,26,24,29,26,11,31,29,23,36,12,0,13,12,14,20,13,16,18,18,13,11,22,24,30,25,19,16,7,13,0,0,0,10,18,19,23,23,18,7,23,20,40,NA,31,26,15,20,29,15,17,10,22,15,10,12,14,19,38,6,15,0,12,13,13,9,10,16,8,12,10,12,15,20,24,NA,18,32,40,18,24,24,NA,7,23,5,37,47,55,44,23,0,41,25,23,43,18,27,19
LITTORAL,MANOKA,0,0,0,1,1,2,0,3,NA,0,3,0,0,0,1,1,0,0,5,8,2,6,6,0,0,0,0,1,3,1,0,3,0,0,0,0,0,0,3,0,2,0,1,0,0,0,0,0,3,0,4,0,0,0,0,0,0,0,0,0,4,0,2,0,0,0,0,0,2,0,1,0,2,0,1,5,0,0,1,2,0,1,0,1,1,0,3,3,3,1,3,0,0,0,0,0,0,0,0,0,1,0,0,0,0,10,13,15,10,12,4,5,0,4,4,6,4,9,7,0,0,9,10,9,0,7,8,3,5,9,11,22,20,19,23,22,0,8,10,0,6,2,0,5,7,4,3,2,4,9,4,3,3,0,14,18,7,1,7,3,5,8,5,5,7,9,9,5,5,4,6,8,3,7,4,5,6,3,5,NA,NA,8,6,4,5,6,6,3,9,5,4,7,4,5,6,5,6,6,11,2,5,10,4,7,6,6,12,7
LITTORAL,MBANGA,0,0,0,0,0,4,0,0,0,NA,10,8,7,3,0,0,5,0,0,0,0,0,1,1,0,0,0,4,0,0,0,4,0,0,0,0,0,0,0,0,0,0,0,4,0,0,0,0,0,0,0,0,0,0,0,3,20,0,10,0,0,0,0,0,0,0,0,0,0,0,0,0,0,0,0,0,0,0,0,0,0,0,0,0,0,0,0,0,0,10,0,0,0,0,0,1,3,0,0,0,2,1,0,6,0,4,0,0,1,0,0,0,2,0,0,0,0,0,0,0,0,0,0,0,0,1,0,3,3,5,1,1,3,0,0,0,0,0,1,1,0,1,1,0,1,0,0,0,0,1,1,1,0,0,0,0,0,1,0,3,0,1,0,1,0,0,0,0,0,0,0,1,0,0,0,1,0,2,0,0,0,2,0,2,3,0,1,0,0,3,1,0,1,1,2,4,2,2,2,3,12,0,0,0,1,2,2,0
LITTORAL,MBANGUE,21,20,16,30,18,10,10,0,0,37,21,26,30,2,0,9,3,0,0,0,0,0,42,31,35,30,12,24,13,28,28,42,39,32,15,0,24,53,NA,0,104,211,0,0,23,6,16,17,35,12,NA,NA,160,134,175,153,0,104,0,25,83,83,33,0,44,55,65,57,18,49,47,0,59,78,19,69,55,52,2,0,27,45,61,22,19,31,0,0,0,42,0,0,0,85,39,21,60,50,0,26,26,NA,NA,NA,NA,32,5,0,5,0,0,0,0,0,0,0,0,0,3,0,0,0,0,NA,0,4,0,17,6,0,0,3,2,3,0,0,0,0,0,3,0,0,4,0,0,0,0,0,0,0,0,0,19,1,0,NA,NA,0,0,0,0,0,0,0,0,0,0,0,0,0,6,0,0,0,0,0,0,0,0,0,0,0,0,0,0,0,0,0,0,0,0,0,0,0,0,0,0,0,0,0,0,0,0,0,0,0,0,0
LITTORAL,MELONG,0,0,1,0,2,0,1,3,2,2,0,2,4,2,0,0,3,4,0,0,2,2,0,2,4,5,4,0,3,0,0,1,0,1,3,0,2,4,4,3,5,0,13,0,0,12,9,8,0,8,7,8,14,3,7,6,6,0,8,3,2,11,11,13,11,10,18,8,9,6,18,0,11,0,10,6,11,8,6,37,2,11,1,16,0,15,8,14,3,10,21,10,13,1,10,6,8,4,8,7,15,11,15,13,10,7,7,32,4,7,10,3,15,4,6,14,5,4,12,7,0,13,10,0,11,0,9,5,2,6,1,3,5,0,5,11,3,9,6,3,1,7,0,13,5,8,4,11,NA,44,9,9,10,0,5,7,NA,10,9,10,7,23,27,30,0,16,3,9,9,5,5,5,2,7,5,35,5,7,6,5,3,9,8,15,20,7,4,5,4,10,4,4,8,11,11,9,11,11,20,13,26,20,13,11,8,19,10,9
LITTORAL,NDOM,0,0,0,0,0,0,0,0,4,4,1,0,0,3,4,0,2,0,0,0,0,0,0,1,1,0,0,0,0,0,0,0,2,1,1,0,0,0,0,0,0,5,NA,NA,NA,NA,NA,NA,NA,NA,NA,NA,0,6,8,6,2,0,2,0,0,4,2,0,6,1,6,0,1,3,1,0,0,0,0,0,3,0,0,0,4,0,2,0,0,2,0,0,0,4,2,0,0,3,2,0,6,NA,NA,NA,NA,NA,NA,NA,NA,2,4,0,4,2,4,2,0,0,1,3,2,6,0,1,0,3,4,10,4,11,6,2,3,3,6,4,2,4,0,6,9,7,0,8,0,0,6,3,11,9,7,4,6,NA,NA,NA,NA,NA,NA,NA,NA,6,4,2,6,9,4,6,0,0,0,4,8,6,3,8,9,6,0,1,2,3,3,2,1,2,0,1,1,1,1,2,5,1,2,2,2,3,1,0,0,0,2,6,0,2,5,2,0,0,2,3
LITTORAL,NEW BELL,20,7,16,16,10,18,32,17,13,17,18,12,21,13,23,5,0,9,33,24,37,5,22,13,29,0,23,20,7,24,17,26,0,20,22,33,25,17,23,31,27,25,16,39,23,21,12,19,0,16,11,17,0,21,21,9,12,3,4,7,9,8,18,15,16,32,21,23,14,6,0,16,12,21,13,10,2,15,9,11,25,11,20,11,18,12,14,30,15,117,18,32,16,19,17,0,20,38,22,11,12,14,15,14,10,0,10,13,17,10,6,8,2,2,2,7,11,0,9,0,0,1,3,3,8,6,7,16,21,26,21,19,15,15,8,11,11,0,17,9,0,11,10,0,0,24,12,20,15,13,16,17,20,9,12,9,NA,18,10,8,15,9,8,5,4,3,6,10,15,9,9,8,8,12,5,11,12,7,15,9,7,4,5,13,12,20,16,20,10,19,6,6,11,18,31,11,54,38,7,26,0,9,14,17,10,0,12,28
LITTORAL,NGAMBE,0,0,0,0,0,0,0,5,2,1,0,0,1,0,0,0,0,0,0,0,0,0,0,0,0,0,0,3,1,0,3,0,0,4,3,0,3,4,5,3,0,3,2,0,3,0,1,4,4,3,2,2,4,0,1,1,6,3,7,1,2,0,1,0,2,2,4,0,3,0,0,0,1,1,0,0,0,3,1,0,2,0,0,0,0,2,0,0,0,0,0,0,2,0,2,4,0,3,1,1,1,1,0,0,0,1,1,1,2,1,0,0,2,1,5,3,2,2,1,2,0,2,2,1,0,0,0,0,0,1,0,0,0,0,0,0,0,0,0,0,0,0,1,0,2,0,4,0,0,3,2,4,5,6,1,1,1,0,0,0,5,2,4,1,2,NA,NA,0,0,0,6,4,0,2,0,0,1,0,0,0,1,1,0,3,1,0,0,2,0,3,0,1,0,0,2,6,1,1,0,1,0,0,0,2,2,5,3,1
LITTORAL,NJOMBE PENJA,12,16,43,0,0,1,31,34,14,0,15,0,0,36,42,2,1,35,9,25,27,0,0,0,31,0,7,31,18,5,34,19,0,0,4,29,35,17,40,64,20,49,82,28,69,59,59,56,85,15,0,43,0,14,22,21,8,0,6,46,53,7,47,23,42,7,0,58,50,49,78,61,64,61,79,19,61,32,11,46,36,34,15,14,40,22,28,11,49,48,65,45,79,32,43,6,47,71,11,52,42,65,23,NA,NA,80,24,68,50,40,25,73,68,7,53,6,9,7,4,32,0,3,32,7,8,2,7,11,37,13,6,0,0,27,27,0,0,30,25,30,8,31,0,0,5,0,28,40,96,40,43,105,59,117,35,49,NA,17,11,30,18,15,55,28,23,14,8,15,1,0,12,10,12,3,8,13,18,11,5,16,34,12,8,19,15,27,13,6,3,26,16,0,24,15,54,17,36,27,22,15,7,7,13,7,NA,41,50,NA
LITTORAL,NKONDJOCK,0,0,0,0,0,0,0,0,0,3,2,0,3,0,0,0,0,0,0,0,1,3,0,0,0,0,0,0,1,0,4,4,0,0,1,0,0,0,1,2,0,2,0,7,1,2,4,1,0,1,2,2,3,8,6,3,0,0,1,0,3,1,4,1,0,0,0,0,1,0,0,1,0,0,0,1,0,1,0,0,0,0,1,0,3,0,0,1,0,5,1,0,1,2,0,0,0,2,1,2,2,0,2,2,1,1,2,0,0,0,1,0,1,0,2,5,6,1,1,1,0,0,1,0,0,1,0,1,1,3,0,1,0,1,2,0,2,0,0,1,2,0,0,0,0,0,0,0,0,1,1,0,1,3,0,1,0,2,1,4,1,0,1,1,1,3,0,0,0,12,0,0,0,0,0,0,25,120,9,0,0,1,1,1,0,0,0,0,0,0,0,1,0,0,0,0,0,3,0,2,0,0,3,1,1,1,0,0
LITTORAL,NKONGSAMBA,0,0,0,0,0,0,0,1,0,NA,0,20,0,4,0,1,0,0,1,2,2,0,0,5,0,3,0,8,0,0,0,0,0,4,1,0,0,0,1,2,0,0,2,7,2,6,8,4,1,0,5,0,2,4,2,2,0,10,0,0,0,2,2,1,4,1,0,3,0,0,0,NA,0,0,0,0,0,0,0,0,0,0,2,0,1,1,0,0,6,8,0,0,0,4,1,2,1,2,0,0,2,0,4,3,0,0,0,0,2,1,48,0,0,0,0,5,0,0,0,1,0,0,2,5,0,0,0,0,15,6,9,1,0,1,10,5,1,1,12,0,0,0,0,0,0,5,2,2,0,4,4,2,2,8,6,10,8,1,2,1,3,2,0,4,0,0,1,0,2,0,0,3,0,1,2,3,2,0,8,3,0,0,0,6,45,0,0,0,0,0,11,15,8,0,14,5,12,10,12,19,0,5,0,0,0,0,13,8
LITTORAL,NYLON,0,22,13,18,14,17,14,15,21,9,60,14,20,36,12,15,18,22,16,18,25,36,13,23,31,15,7,21,18,17,19,10,21,19,38,38,36,37,30,63,70,40,54,43,37,36,0,20,19,14,20,24,9,25,26,21,30,16,14,0,39,20,31,28,24,25,18,22,36,18,5,25,11,0,11,19,26,23,16,26,21,32,48,32,22,30,20,25,31,33,21,0,33,24,25,44,44,61,56,67,68,49,50,42,64,43,49,57,52,34,48,0,44,26,47,25,19,40,0,42,0,49,30,34,40,44,54,55,47,75,53,39,0,41,49,38,33,65,70,63,0,56,62,48,0,57,43,58,72,76,0,86,NA,54,69,NA,NA,76,74,57,80,55,75,61,46,59,65,76,55,55,39,42,47,52,8,23,35,28,31,40,27,54,35,8,8,39,44,32,27,45,81,50,65,74,118,112,111,119,85,94,78,63,61,0,48,67,73,35
LITTORAL,POUMA,0,0,0,3,5,3,1,3,0,0,0,0,2,0,3,0,3,0,0,0,0,0,0,5,0,0,0,0,8,4,0,0,0,0,3,0,0,0,1,2,0,0,0,0,0,0,36,1,1,0,3,1,0,0,1,0,5,0,0,0,11,0,0,0,0,4,3,0,2,0,1,2,4,0,0,0,0,0,0,3,0,0,0,0,0,0,2,0,0,0,0,2,2,2,1,7,0,0,4,0,0,0,0,0,0,0,2,0,3,3,0,37,0,0,0,1,4,0,0,0,0,0,0,0,0,0,4,0,0,0,0,0,0,0,0,0,0,0,0,0,0,0,0,0,0,0,0,0,0,0,0,0,1,2,1,NA,NA,8,18,0,0,0,0,0,0,2,3,0,3,0,0,3,5,3,5,3,0,5,0,3,0,1,3,0,0,3,7,3,2,0,0,0,2,0,4,2,6,0,0,0,0,0,3,5,0,3,5,11
LITTORAL,YABASSI,0,0,0,0,0,0,0,0,NA,NA,5,1,1,0,1,3,0,1,8,0,1,0,9,11,2,5,1,11,18,4,3,3,0,4,2,2,0,3,1,0,0,2,0,2,1,6,12,6,3,3,0,0,4,5,0,5,3,0,4,0,3,3,0,3,3,4,4,5,4,3,0,5,5,3,3,3,3,4,6,0,5,3,4,4,3,4,5,3,4,0,4,6,4,2,4,3,3,2,0,3,6,4,5,NA,NA,10,7,10,12,1,6,2,4,2,2,0,1,1,4,0,0,0,1,3,4,0,4,4,2,5,13,9,3,5,4,0,0,0,2,0,0,0,1,1,2,1,3,2,2,1,0,0,2,3,2,NA,NA,1,0,2,0,0,0,0,2,2,1,1,2,2,0,0,0,3,2,2,0,0,1,NA,NA,2,0,2,2,1,1,0,2,2,2,2,2,1,0,1,0,2,3,2,0,2,1,2,3,1,2,2
NORD,BIBEMI,5,9,0,0,13,1,24,1,9,0,2,0,0,0,0,4,1,11,0,12,0,26,0,0,10,18,0,0,5,7,0,0,0,0,0,3,2,7,0,27,0,0,0,11,44,0,15,0,0,22,7,18,3,7,13,1,0,11,12,15,0,10,4,0,19,0,0,6,3,17,17,0,0,7,4,10,11,0,0,12,6,2,0,0,27,23,3,0,0,0,4,15,15,0,0,10,31,3,4,7,9,0,2,0,9,0,1,4,0,0,0,10,0,0,6,1,0,22,0,0,0,1,2,13,17,15,8,4,11,22,16,9,10,4,8,0,0,0,0,4,0,6,0,8,1,0,2,0,0,0,0,10,11,10,0,0,0,4,8,18,13,9,4,4,1,8,5,0,4,13,0,21,0,0,5,0,6,11,7,0,1,5,0,0,0,0,60,0,3,14,0,0,0,0,0,8,2,0,0,0,3,0,0,4,18,2,0,5
NORD,FIGUIL,0,4,2,3,1,0,0,1,4,0,0,0,8,5,1,4,5,0,1,2,2,4,2,3,0,0,0,1,3,0,4,1,2,0,3,2,4,5,5,5,7,5,4,0,7,2,0,3,5,3,3,2,1,0,2,1,3,1,0,1,0,3,1,5,1,0,0,6,2,1,0,5,1,0,1,3,13,0,0,0,0,0,6,2,4,9,5,8,0,3,0,16,6,20,17,10,1,0,3,3,1,11,0,0,3,0,1,1,0,2,4,7,2,10,1,3,4,4,4,2,0,10,2,0,3,3,4,1,1,3,0,5,7,5,4,7,9,2,0,4,8,0,0,2,3,0,5,7,0,4,0,0,1,0,0,0,2,2,1,1,0,3,0,0,1,4,2,0,1,4,0,3,0,2,5,0,1,1,3,0,0,1,2,5,0,0,0,2,12,3,0,5,4,6,4,0,1,4,3,0,4,1,5,1,7,4,6,2
NORD,GAROUA I,0,0,0,10,0,3,11,1,1,1,0,0,7,14,0,1,3,0,0,1,3,1,0,0,2,0,12,1,1,4,4,2,7,1,4,7,7,0,0,3,0,0,1,0,7,0,0,2,3,2,0,0,5,7,4,3,3,0,16,15,0,0,2,0,0,0,0,1,3,6,0,4,0,4,0,0,0,0,0,7,0,0,0,2,0,2,0,0,6,0,0,8,5,4,2,1,5,4,5,2,1,4,1,0,6,2,0,0,10,0,1,1,7,15,0,1,0,4,0,1,6,0,3,0,1,5,7,0,0,7,1,5,2,1,0,8,5,0,0,1,0,0,0,2,6,0,0,0,7,0,2,0,0,0,4,3,2,7,4,1,4,2,4,15,11,96,36,39,17,14,13,22,14,7,16,18,15,5,28,19,18,19,19,13,28,17,13,27,18,17,22,22,31,31,21,14,26,22,25,38,24,31,23,13,18,38,38,26
NORD,GAROUA II,0,8,0,0,3,1,6,11,7,13,1,0,0,7,19,7,2,3,0,6,0,8,2,6,0,5,9,14,3,2,15,18,19,6,20,8,5,5,3,2,7,0,3,8,8,7,12,17,8,23,13,1,0,12,18,7,4,16,13,2,20,15,32,23,31,7,7,3,0,9,9,7,1,0,2,7,5,6,7,0,9,5,3,0,3,4,0,4,2,4,3,9,6,0,6,10,1,3,9,8,4,8,11,5,0,6,0,2,0,0,0,3,2,7,6,0,6,5,3,6,0,7,2,0,1,2,0,2,1,1,0,1,4,2,3,3,0,5,0,0,1,3,0,3,0,4,0,4,9,5,0,2,0,0,3,2,0,6,10,8,7,6,7,7,3,16,17,7,9,22,6,3,13,2,14,5,8,4,4,0,4,3,4,5,4,3,3,2,5,4,12,3,21,7,11,4,6,8,13,4,82,19,10,0,14,4,2,13
NORD,GASCHIGA,0,2,0,0,0,0,14,53,1,16,8,29,0,0,4,6,12,36,3,0,8,12,3,11,23,0,3,0,0,14,0,0,0,17,2,11,2,0,30,4,10,2,25,0,0,0,0,17,0,17,8,0,14,0,43,0,0,30,0,46,9,14,23,71,23,35,35,19,52,56,21,12,21,12,12,22,173,16,0,7,1,0,0,0,2,4,0,2,0,1,0,12,6,8,13,0,0,6,0,0,14,12,13,0,13,0,0,0,7,3,4,16,0,16,3,7,2,10,0,0,0,6,0,3,22,2,0,0,7,3,0,0,4,0,0,10,0,0,0,0,15,0,0,1,4,2,0,9,0,7,0,0,9,0,0,8,0,8,0,4,4,9,23,0,15,0,29,49,16,29,32,10,7,6,4,19,3,0,7,21,1,0,6,3,5,5,1,5,25,18,32,13,45,27,25,45,12,31,0,30,3,0,0,0,18,8,0,17
NORD,GOLOMBE,0,0,0,0,0,0,0,0,0,0,0,0,0,0,0,0,0,0,0,0,0,0,0,0,0,0,0,0,0,0,0,0,0,0,0,0,0,0,0,0,0,0,0,0,0,0,0,0,0,0,0,0,0,0,0,0,12,0,0,0,0,0,0,0,0,0,0,0,0,0,0,0,0,0,0,0,0,0,0,0,0,0,0,0,0,0,0,0,0,0,0,116,0,0,0,0,0,0,0,0,0,0,0,0,0,0,0,0,0,0,0,0,0,0,0,0,0,0,0,0,0,0,0,0,0,0,0,0,0,0,0,0,0,0,0,0,0,0,0,0,0,0,0,0,0,0,0,0,0,0,0,0,0,0,0,0,0,0,0,0,0,0,0,0,0,4,2,5,5,5,10,0,12,1,4,9,2,0,0,1,2,0,2,0,1,0,0,2,2,1,1,2,5,2,1,4,1,5,5,7,0,1,5,5,10,0,4,46
NORD,GUIDER,46,64,41,45,0,85,65,74,59,67,69,49,54,60,68,49,56,50,51,46,43,49,2,37,32,41,23,33,73,67,46,41,50,32,65,56,45,83,70,138,99,62,71,81,76,61,83,69,60,84,71,19,77,97,60,58,51,61,39,61,48,37,49,65,61,46,47,49,50,48,14,66,70,47,46,37,48,53,36,42,31,47,54,47,0,82,88,50,66,95,98,102,117,95,124,102,88,70,59,41,43,46,81,25,52,52,52,104,56,68,53,97,51,61,53,42,82,69,67,86,60,51,37,56,38,31,62,50,52,32,10,49,41,64,91,64,69,111,102,120,54,77,228,73,106,63,79,78,0,70,90,87,78,55,80,51,79,53,53,33,72,57,77,60,69,71,91,77,109,114,111,81,0,100,71,55,37,57,53,79,77,41,66,71,69,59,73,69,64,87,51,65,77,107,97,134,0,81,148,126,103,88,90,86,98,75,79,90
NORD,LAGDO,0,0,0,0,0,0,0,0,0,0,0,0,0,0,0,0,0,0,0,0,0,0,0,0,0,0,0,0,0,0,0,0,0,0,0,0,0,0,0,0,0,0,0,0,0,0,0,0,0,0,0,0,0,0,0,0,0,0,0,0,0,0,0,0,0,0,0,0,0,0,0,0,0,0,0,0,0,0,0,0,0,0,1,0,0,0,0,0,0,0,9,0,0,0,0,0,2,0,0,0,0,0,0,0,0,0,0,0,0,0,0,0,0,0,0,0,0,0,0,0,0,0,47,0,0,0,0,0,0,0,0,0,0,0,0,0,0,0,0,0,0,0,0,0,0,0,0,0,0,0,0,0,0,0,0,0,0,0,0,0,0,0,0,0,0,0,0,12,0,0,0,0,0,0,0,3,0,8,0,0,0,0,0,0,0,0,0,0,0,0,0,0,0,0,0,25,0,17,5,10,35,20,27,8,0,8,11,8
NORD,MAYO OULO,2,6,6,7,23,14,24,13,8,18,22,18,14,29,34,12,15,0,19,10,24,27,13,19,20,0,7,21,17,22,23,17,12,16,13,14,28,16,43,37,56,51,35,44,26,0,36,39,55,17,21,42,7,26,17,45,34,30,25,40,38,40,59,63,68,53,51,28,36,64,54,44,17,46,25,15,170,34,37,27,26,13,25,35,6,33,46,44,12,12,1,65,33,28,51,71,84,15,48,0,42,11,54,0,0,37,52,26,12,1,24,39,16,42,53,39,33,43,30,24,0,21,0,41,29,50,21,37,35,9,27,0,64,29,24,35,28,70,31,37,20,41,32,27,17,25,26,37,5,48,16,29,23,15,25,17,26,11,28,25,22,11,14,0,20,14,24,55,48,29,37,32,19,30,0,26,41,31,44,12,41,16,15,9,22,25,12,15,0,23,23,22,17,9,9,16,31,40,29,29,25,25,25,14,7,16,27,34
NORD,NGONG,1,2,17,14,7,14,6,3,6,1,3,9,2,0,9,1,2,5,2,5,3,2,4,0,1,3,3,3,5,3,5,4,2,3,1,7,10,10,0,8,0,9,3,3,3,0,10,0,8,0,1,8,0,7,10,9,6,15,0,12,10,13,20,20,16,6,2,9,5,6,7,2,8,0,7,2,2,6,4,1,4,3,1,3,20,1,0,6,8,8,15,31,53,19,17,8,14,7,9,7,11,7,5,9,6,8,4,15,13,6,4,6,5,6,3,3,1,7,4,1,1,14,13,4,11,12,11,4,7,12,5,3,11,9,7,4,11,7,7,15,11,11,11,17,8,11,10,13,11,5,5,7,4,14,6,5,10,24,12,12,29,11,20,19,12,16,12,17,12,19,24,19,5,13,1,4,15,9,8,0,7,9,3,0,4,10,0,2,4,11,8,13,10,7,7,26,36,23,17,24,18,21,10,6,5,28,18,29
NORD,PITOA,0,1,0,8,6,0,0,0,5,0,1,6,6,0,0,0,0,8,0,0,6,0,3,0,3,0,0,0,0,0,8,4,2,3,0,0,0,0,0,0,0,0,0,0,0,0,0,0,0,0,1,7,0,0,0,0,12,1,0,0,3,7,9,0,1,9,0,0,18,16,0,8,5,0,0,0,17,0,0,2,0,2,0,2,2,3,0,0,1,0,0,2,0,1,0,0,0,0,0,0,1,0,0,0,3,0,0,1,6,0,0,12,5,20,12,4,8,10,14,1,3,0,7,0,0,0,0,5,3,0,0,4,0,8,1,0,0,6,2,0,9,0,0,0,0,5,0,0,3,0,0,0,0,0,0,1,2,0,0,9,0,37,13,8,19,56,56,70,77,19,52,65,0,0,0,11,12,1,9,0,0,0,0,0,0,0,0,12,5,23,9,11,12,18,0,0,0,0,17,77,0,18,8,18,0,0,17,0
NORD,POLI,0,0,3,0,0,5,8,0,0,0,0,10,0,5,0,0,0,0,0,0,0,0,0,0,0,0,0,0,0,0,2,0,0,0,0,0,0,0,0,0,0,0,0,0,2,0,0,0,2,0,0,0,0,0,0,0,0,3,0,7,0,6,2,5,0,0,0,5,4,8,5,8,5,6,0,4,7,11,0,2,0,0,2,0,2,4,4,3,0,5,6,0,6,6,3,4,4,0,4,0,0,0,2,0,0,4,0,0,0,0,0,8,7,0,4,16,0,0,0,0,0,3,0,2,0,0,0,0,1,0,0,3,2,2,2,0,0,0,7,6,8,0,0,9,0,1,0,1,0,4,0,0,0,8,9,0,0,0,3,1,0,3,3,10,8,4,3,16,8,6,6,3,5,0,0,0,1,3,6,1,7,3,1,0,5,1,2,8,0,5,3,2,5,2,1,4,7,1,5,0,7,0,0,4,20,4,7,9
NORD,REY BOUBA,0,10,9,0,0,0,7,9,5,18,19,23,16,4,4,12,9,5,5,10,4,14,7,14,11,10,7,14,1,4,2,1,5,7,5,0,19,9,7,28,3,8,2,0,4,3,12,0,1,3,7,3,5,5,11,2,6,18,5,1,2,0,7,2,8,0,4,5,7,5,3,3,0,0,0,0,3,7,4,2,0,4,0,6,5,4,8,6,0,4,1,3,0,0,5,3,0,4,8,0,3,1,4,4,6,6,9,7,20,0,3,7,8,1,6,8,5,3,2,2,6,0,7,3,3,1,4,4,7,4,0,5,7,6,15,7,10,6,0,13,8,10,0,32,9,10,16,9,13,16,23,6,6,5,9,20,8,7,5,8,8,5,11,21,25,13,22,36,12,20,55,28,45,20,21,18,20,19,10,14,26,11,5,21,18,19,24,15,28,39,46,24,15,6,21,12,38,39,28,59,26,33,21,15,13,12,14,18
NORD,TCHOLLIRE,5,26,0,9,13,0,6,37,17,16,6,13,22,16,10,13,1,14,2,0,18,33,0.3,5,11,22,5,14,19,4,7,3,0,1,18,25,22,12,0,27,12,4,28,0,4,3,25,4,9,5,23,22,4,5,50,10,12,43,24,16,15,32,49,57,24,48,47,16,30,22,18,14,26,26,40,27,24,27,13,21,8,8,11,6,13,17,15,12,21,8,14,6,25,47,54,18,18,14,19,5,15,9,12,24,13,15,24,0,11,0,15,12,12,10,2,0,29,15,6,8,5,14,15,0,6,6,7,13,10,13,14,0,25,23,27,8,17,13,9,8,32,3,9,9,12,15,11,9,19,7,6,17,19,20,36,22,41,19,50,28,38,46,51,37,28,23,4,17,39,66,34,24,22,17,8,6,30,31,18,41,28,25,19,46,14,23,21,20,20,31,28,17,25,13,0,17,43,49,80,58,40,64,53,40,16,22,34,37
NORD,TOUBORO,0,7,0,0,18,26,10,3,2,3,8,4,6,1,8,9,2,23,10,6,6,16,0,16,15,3,16,2,14,2,4,0,4,9,4,4,8,9,7,13,24,24,27,0,14,28,6,36,18,13,10,20,17,10,6,46,0,9,30,16,10,2,10,13,10,6,14,15,4,5,10,0,35,9,22,12,14,15,0,0,0,36,10,11,14,6,2,8,9,10,0,3,5,4,6,10,25,0,2,33,9,35,3,22,0,23,12,10,23,29,10,14,21,10,0,13,8,19,17,13,4,4,4,5,5,11,1,10,12,18,18,8,14,9,13,19,4,2,3,3,13,14,18,1,6,11,0,8,10,11,31,32,45,3,31,34,46,39,41,0,48,27,49,0,13,29,56,25,19,0,8,0,0,11,12,22,18,0,7,21,19,16,44,38,25,28,29,0,17,33,0,31,33,29,10,24,0,14,19,17,63,51,25,0,72,23,21,0
NORD OUEST,AKO,0,0,0,0,0,0,0,0,0,0,0,0,0,0,0,0,0,0,0,0,0,0,0,0,0,0,0,0,0,0,0,0,0,0,0,0,0,0,0,NA,0,0,0,0,0,0,0,0,0,0,NA,0,0,0,0,0,0,0,0,0,0,0,0,0,0,0,0,0,0,0,0,0,0,0,0,0,0,0,0,0,NA,0,0,NA,NA,0,NA,0,0,0,0,NA,NA,0,0,0,NA,NA,NA,0,NA,NA,NA,NA,NA,0,0,0,0,0,0,0,0,NA,0,0,NA,NA,0,0,NA,0,0,0,0,NA,NA,0,NA,0,0,0,0,NA,0,0,0,0,0,0,NA,NA,NA,NA,NA,0,0,0,0,0,0,NA,0,0,0,0,0,0,0,NA,NA,0,NA,0,0,0,0,NA,NA,NA,NA,NA,0,0,0,0,0,0,0,0,0,0,0,0,0,NA,NA,0,0,0,0,0,NA,NA,0,NA,0,0,NA,0,0,0,0,0,0,0,0,0
NORD OUEST,BAFUT,0,0,0,0,0,0,0,0,0,0,0,0,0,0,0,0,0,0,0,0,0,0,0,0,0,0,0,0,0,0,0,0,0,0,0,0,0,0,0,0,0,0,0,0,0,0,0,0,0,0,0,NA,0,0,0,0,0,0,0,0,0,0,0,0,0,0,0,0,0,0,0,0,0,0,0,0,0,0,0,0,0,0,0,0,0,0,0,0,0,0,0,0,0,0,0,0,0,0,0,0,0,NA,NA,0,NA,0,0,0,0,0,0,0,0,NA,0,0,0,0,0,0,0,0,0,0,0,0,0,0,0,0,0,0,0,0,0,0,0,0,0,0,0,0,0,0,0,0,0,0,0,0,0,0,0,0,0,0,0,0,0,0,0,0,0,0,0,0,0,0,0,0,0,0,NA,0,0,0,0,0,0,0,0,0,0,0,0,0,0,0,0,0,0,0,0,0,0,0,NA,0,0,0,0,0,0,NA,NA,0,0,0
NORD OUEST,BALI,0,0,0,0,10,6,12,0,0,1,0,0,0,0,0,4,0,3,1,0,3,3,0,2,0,3,0,0,3,1,0,2,3,3,6,0,2,7,12,12,20,6,5,6,3,6,0,7,5,3,2,NA,3,3,0,1,4,0,2,6,0,4,2,6,1,4,3,4,3,6,2,2,2,6,0,1,3,0,0,0,4,2,0,1,0,0,0,0,0,0,0,0,0,0,0,0,NA,0,0,0,0,0,0,NA,0,0,0,0,0,0,0,0,0,0,0,0,0,0,0,0,0,0,0,0,0,0,0,0,0,0,0,0,0,0,0,0,0,0,0,0,0,0,0,0,0,0,0,0,0,0,0,0,0,0,0,NA,0,0,0,0,0,0,0,0,0,0,0,0,0,0,0,0,0,0,0,0,0,0,0,0,0,0,0,0,0,0,0,0,0,0,0,0,0,0,0,0,0,0,0,0,0,0,0,0,0,0,0,0
NORD OUEST,BAMENDA,0,1,0,0,0,0,0,0,0,0,18,0,13,40,6,0,10,21,5,0,2,15,19,0,27,15,4,14,25,28,14,20,15,9,17,18,13,16,41,39,0,40,36,22,0,28,10,28,37,14,0,7,15,0,15,0,19,28,30,19,27,33,31,30,16,15,16,19,22,13,20,26,20,11,0,15,12,13,0,7,12,0,9,15,16,0,27,2,3,0,25,24,24,14,16,0,16,31,24,19,12,0,NA,NA,0,23,0,0,1,13,0,5,8,10,29,12,6,8,0,0,0,0,0,0,0,0,12,0,0,0,0,0,0,0,0,0,0,0,0,0,0,0,0,0,0,0,4,0,0,0,0,NA,0,0,0,0,0,0,7,5,0,0,0,0,0,0,0,0,0,0,0,0,0,0,0,0,0,0,0,0,0,0,0,0,0,0,0,0,0,0,0,0,0,NA,0,0,0,0,0,0,0,0,0,0,0,0,0,0
NORD OUEST,BATIBO,0,0,0,0,0,0,0,0,0,0,0,0,0,0,0,0,0,0,0,0,0,0,0,0,0,0,0,0,0,0,0,0,0,0,0,0,0,0,0,0,0,0,0,0,0,0,0,0,0,NA,NA,NA,0,0,0,0,0,0,0,0,0,0,0,0,0,0,0,0,0,0,0,0,0,0,0,0,0,0,0,0,0,0,0,0,0,0,0,0,0,0,0,0,0,0,0,0,0,0,0,0,0,0,NA,0,0,NA,0,0,0,0,0,0,0,0,0,0,0,0,0,NA,0,0,0,0,0,0,0,0,0,0,0,0,0,0,0,0,0,0,0,0,0,0,0,0,0,0,0,0,0,0,NA,0,0,0,0,0,0,0,0,0,0,0,0,0,0,0,0,0,0,0,0,0,NA,0,0,0,0,0,0,0,0,0,0,0,0,NA,0,0,0,0,0,0,0,0,0,0,NA,0,0,0,0,0,0,0,NA,0,0,NA
NORD OUEST,BENAKUMA,0,0,0,0,0,0,0,0,0,0,0,0,0,0,0,0,0,0,0,0,0,0,0,0,0,0,0,0,0,0,0,0,0,0,0,0,0,0,0,0,0,0,0,0,0,0,0,0,0,0,0,0,0,0,0,0,0,0,0,0,0,0,0,0,0,0,0,0,0,0,0,0,0,0,0,NA,0,0,0,0,0,0,0,0,0,NA,0,0,NA,NA,NA,0,NA,NA,0,NA,0,0,0,0,0,NA,NA,NA,NA,0,0,0,0,0,0,0,0,0,0,0,0,0,0,0,0,0,0,0,0,0,0,0,0,0,0,0,0,0,0,0,0,0,0,0,0,0,0,0,0,0,0,0,NA,0,0,0,0,0,0,0,0,0,0,0,0,0,0,0,0,0,0,0,0,0,0,0,0,0,0,0,0,0,0,0,0,0,0,0,0,NA,NA,NA,0,NA,0,0,0,0,0,NA,0,0,NA,0,0,0,0,0,0,0,0,NA
NORD OUEST,FUNDONG,1,0,0,4,0,0,0,1,0,0,0,0,0,0,0,0,0,0,0,0,0,0,0,0,0,0,2,0,0,0,0,0,0,0,0,0,0,0,0,0,0,0,0,0,1,0,1,0,0,0,NA,NA,0,0,0,0,0,0,0,0,0,0,0,0,0,0,0,0,0,0,0,0,0,0,0,0,0,0,0,0,0,0,0,0,0,0,NA,0,0,0,0,0,0,0,NA,0,NA,NA,NA,0,NA,NA,NA,NA,NA,0,0,0,0,0,0,0,0,0,1,0,0,0,NA,0,0,0,0,0,0,0,0,NA,0,0,0,0,0,0,0,0,0,0,0,0,0,0,0,0,NA,0,0,NA,NA,0,NA,NA,0,0,NA,0,0,0,NA,0,0,0,0,0,0,0,0,0,0,0,0,0,0,0,0,0,0,0,0,0,0,0,0,0,0,0,NA,NA,NA,NA,NA,NA,0,0,0,0,0,0,0,0,0,NA,NA,NA,NA,NA,NA,NA
NORD OUEST,KUMBO EAST,0,0,0,0,0,0,0,0,0,0,0,0,0,0,0,0,0,2,0,0,0,0,0,0,0,0,0,0,0,0,0,0,0,0,0,0,0,0,0,0,0,0,0,0,0,0,0,0,0,0,0,0,0,0,0,0,0,0,0,0,0,0,0,0,0,0,0,0,0,0,0,0,0,0,0,0,0,0,0,0,0,0,0,0,0,0,0,0,0,0,0,0,0,0,NA,0,0,0,0,0,0,0,0,0,0,0,0,0,0,0,0,0,0,0,0,0,0,0,0,0,0,0,0,0,0,0,0,0,0,0,0,0,0,0,0,0,0,0,0,0,0,0,0,0,0,0,0,0,0,0,0,0,0,0,0,0,0,0,0,0,0,0,0,0,0,0,0,0,0,0,0,0,0,NA,0,0,0,0,0,0,0,0,0,0,0,NA,0,0,0,0,0,0,0,0,0,0,0,0,0,0,0,0,0,0,0,0,0,0
NORD OUEST,KUMBO WEST,0,0,0,0,0,0,0,0,0,0,0,0,0,0,0,0,0,0,0,0,0,0,0,0,0,0,0,0,0,0,0,0,0,0,0,0,0,0,0,0,0,0,0,0,0,0,0,0,0,0,0,0,0,0,0,0,0,0,0,0,0,0,0,0,0,0,0,0,0,0,0,0,0,0,0,0,0,0,0,0,0,0,0,0,0,0,0,0,0,0,0,0,0,0,0,0,0,0,0,0,0,NA,NA,NA,NA,0,0,0,0,0,0,0,0,0,0,0,0,0,0,0,0,0,0,0,0,0,0,0,0,0,0,0,0,0,0,0,0,0,0,0,0,0,0,0,0,0,0,0,0,0,0,0,0,0,0,0,0,0,0,0,0,0,0,0,0,0,0,0,0,0,0,0,0,0,0,0,0,0,0,0,0,0,0,0,NA,NA,NA,0,0,0,0,0,0,0,0,0,0,0,0,0,0,0,0,0,0,0,0,0
NORD OUEST,MBENGWI,0,0,0,0,0,0,0,0,0,0,0,0,0,0,0,0,0,0,0,0,0,0,0,0,0,0,0,0,0,0,0,0,0,0,0,0,0,0,0,0,0,0,0,0,0,0,0,0,NA,0,NA,0,0,0,0,0,0,0,0,0,0,0,0,0,0,0,0,0,0,0,0,0,0,0,0,0,0,0,0,0,0,0,0,0,0,0,0,0,NA,0,0,0,0,0,0,0,0,NA,0,NA,0,NA,NA,0,NA,0,0,0,0,0,0,0,0,NA,0,0,0,0,0,0,0,0,0,0,0,0,0,0,0,0,0,0,0,0,0,0,0,0,0,0,0,0,0,0,0,0,0,0,0,0,0,0,0,0,0,0,0,0,0,0,0,0,0,0,0,0,0,0,0,0,0,0,0,0,0,0,0,0,0,0,0,0,0,0,0,0,0,0,0,0,NA,0,0,0,0,0,0,0,0,0,0,0,0,0,0,0,0,0
NORD OUEST,NDOP,0,0,0,0,0,2,0,0,0,0,1,1,0,1,0,0,0,0,0,0,0,0,0,0,0,0,0,0,0,0,0,0,0,0,0,0,0,0,0,0,0,0,0,0,0,0,0,0,0,0,0,0,0,0,0,0,0,0,0,0,0,0,0,0,0,0,0,0,0,0,0,0,0,0,0,0,0,0,0,0,0,0,0,0,0,NA,0,0,0,0,0,0,0,0,0,0,0,0,0,0,NA,0,0,NA,0,0,0,0,0,0,0,0,0,0,0,0,0,0,0,0,0,0,0,0,0,0,0,0,0,0,0,0,0,0,0,0,0,0,0,0,0,0,0,0,0,0,0,0,0,0,0,0,0,0,0,0,0,0,0,0,0,0,0,0,0,0,0,0,0,0,0,0,0,0,0,0,0,0,0,0,0,0,0,0,0,NA,0,0,0,NA,0,NA,NA,NA,0,0,0,0,0,0,0,0,0,0,0,0,0,NA
NORD OUEST,NDU,0,0,0,0,0,0,0,0,0,0,0,0,0,0,0,0,0,0,0,0,0,0,0,0,0,0,0,0,0,0,0,0,0,0,0,0,0,0,0,0,0,0,0,0,0,0,0,0,0,0,0,0,0,0,0,0,0,0,0,0,0,0,0,0,0,0,0,0,0,0,0,0,0,0,0,0,0,0,0,0,0,0,0,0,0,0,0,0,0,0,0,0,0,0,0,0,0,0,0,0,0,0,0,0,0,0,0,0,0,0,0,0,0,0,0,0,0,0,0,0,0,0,0,0,0,0,0,0,0,0,0,0,0,0,0,0,0,0,0,0,0,0,0,0,0,0,0,0,0,0,0,0,0,0,0,0,0,0,0,NA,NA,0,0,0,0,NA,NA,0,0,0,0,0,NA,NA,0,NA,0,0,NA,NA,0,0,0,0,0,0,0,0,NA,NA,0,0,0,0,0,0,0,0,0,0,NA,0,NA,0,0,NA,0,NA
NORD OUEST,NJIKWA,0,0,0,0,0,0,0,0,0,0,0,0,0,0,0,0,0,0,0,0,0,0,0,0,0,0,0,0,0,0,0,1,0,0,0,0,0,0,0,0,0,0,0,0,0,0,0,0,0,NA,NA,NA,0,0,0,0,0,0,0,0,0,0,0,0,0,0,0,0,0,0,0,0,0,0,0,0,0,0,0,0,0,0,0,0,0,0,0,0,0,0,0,0,0,0,0,NA,NA,NA,NA,NA,NA,NA,0,NA,NA,0,0,2,2,0,0,0,0,0,0,0,0,0,0,0,0,0,0,0,0,0,0,0,0,0,0,0,0,0,0,0,0,0,0,0,0,0,0,0,0,NA,NA,NA,NA,NA,NA,NA,0,0,0,0,0,0,0,0,0,0,0,0,0,0,0,0,0,0,0,0,0,NA,0,0,NA,NA,0,NA,0,0,NA,NA,0,0,NA,0,NA,0,NA,0,0,0,0,0,0,0,0,NA,0,NA,0,0,0,0,0,NA
NORD OUEST,NKAMBE,1,0,0,0,0,0,0,0,0,0,0,0,0,0,2,0,0,0,0,0,0,0,0,0,1,0,1,0,0,0,0,0,0,0,0,0,0,0,0,0,0,0,0,0,0,0,0,0,0,0,0,0,2,3,5,4,0,0,0,0,0,0,0,0,0,0,0,0,0,0,0,0,0,1,2,0,2,1,0,0,0,4,4,3,0,0,0,1,0,0,0,0,0,0,0,0,NA,NA,0,0,0,NA,NA,NA,NA,0,0,0,NA,0,0,0,0,0,0,0,0,0,0,0,0,0,4,2,0,0,0,0,0,0,0,8,0,6,0,8,0,0,0,0,0,0,1,0,0,0,0,NA,0,0,0,2,0,0,0,0,0,0,0,0,0,0,0,0,NA,0,0,0,0,0,0,0,0,NA,NA,0,0,NA,0,NA,0,0,NA,0,NA,NA,NA,0,NA,NA,0,0,0,0,0,NA,0,NA,0,0,0,0,0,0,0,0,NA,0
NORD OUEST,NWA,0,0,0,0,0,0,0,0,0,0,0,0,0,0,0,0,0,0,0,0,0,0,0,0,0,0,0,0,0,0,0,0,0,0,0,0,0,0,0,0,0,0,0,0,0,0,0,0,0,0,0,NA,0,0,0,0,0,0,0,0,0,0,0,0,0,0,0,0,0,0,0,0,0,0,0,0,0,0,0,0,0,0,0,0,0,0,NA,0,0,NA,0,0,0,0,NA,NA,0,0,0,0,0,NA,NA,NA,NA,0,0,0,0,0,0,0,0,0,NA,0,0,0,0,0,0,0,0,0,0,0,0,NA,0,0,0,0,0,0,0,0,0,0,0,NA,0,NA,0,0,0,0,0,0,NA,0,0,0,0,0,0,0,0,0,0,0,0,0,0,0,0,0,0,0,0,0,0,0,0,0,0,0,0,0,0,0,0,0,0,0,0,0,0,0,0,0,0,0,0,0,0,0,NA,0,0,0,0,0,0,0,0,0,0,NA
NORD OUEST,OKU,0,0,0,0,0,0,0,0,0,0,0,0,0,0,0,0,0,0,0,0,0,0,0,0,0,0,0,0,0,0,0,0,0,0,0,0,0,0,0,0,0,0,0,0,0,0,1,0,0,0,NA,NA,0,0,0,0,0,0,0,0,0,0,0,0,0,0,0,0,0,0,0,0,0,0,0,0,0,0,0,0,0,0,0,0,0,0,0,0,0,0,0,0,1,4,0,4,3,4,5,4,0,NA,NA,NA,NA,4,1,3,0,0,7,0,0,3,2,0,6,1,3,0,0,5,1,2,3,6,0,4,0,0,0,0,2,0,3,0,0,0,0,2,2,0,0,3,3,1,3,1,0,0,0,0,0,0,0,0,0,0,0,0,0,0,0,0,0,NA,0,0,0,0,0,0,0,0,NA,NA,0,NA,0,NA,0,NA,0,NA,NA,NA,0,NA,0,0,0,0,0,NA,0,0,0,0,0,0,0,0,0,0,0,0,0,NA
NORD OUEST,SANTA,0,0,0,0,0,0,0,0,0,0,0,0,0,0,0,0,0,0,0,0,0,0,0,0,0,0,0,0,0,0,0,0,0,0,0,0,0,0,0,0,0,0,0,0,0,0,0,0,0,0,0,0,0,0,0,0,0,0,0,0,0,0,0,0,0,0,0,0,0,0,0,0,0,0,0,0,0,0,0,0,0,0,0,0,0,0,0,0,0,0,0,0,0,0,0,0,0,0,0,0,0,0,0,0,0,0,0,0,0,0,0,0,0,0,0,0,0,0,0,0,0,0,0,0,0,0,0,0,0,0,0,0,0,0,0,0,0,0,0,0,0,0,0,0,NA,0,0,0,0,0,0,0,0,0,0,0,0,0,0,0,0,0,0,0,0,0,0,0,0,0,0,0,0,0,0,0,0,0,0,0,0,0,0,0,0,0,0,0,0,0,0,0,0,0,0,NA,0,0,0,0,0,0,0,0,0,NA,0,NA
NORD OUEST,TUBAH,0,0,0,0,0,0,0,0,0,0,0,0,0,0,0,0,0,0,0,0,0,0,0,0,0,0,0,0,0,0,0,0,0,0,0,0,0,0,0,0,0,0,0,0,0,0,0,0,0,0,0,0,0,0,0,0,0,0,0,0,0,0,0,0,0,0,0,0,0,0,0,0,0,0,0,0,0,0,0,0,0,0,0,0,0,0,0,0,0,0,0,0,0,0,0,0,0,0,0,0,0,NA,NA,NA,NA,0,0,0,0,0,0,0,0,0,0,0,0,0,0,0,0,0,0,0,0,0,0,0,0,0,0,0,0,0,0,0,0,0,0,0,0,0,0,0,0,0,0,0,0,0,0,0,0,0,0,0,0,0,0,0,0,0,0,0,0,0,0,0,0,0,0,0,0,0,0,0,0,0,0,0,0,1,0,0,0,NA,0,NA,0,0,0,0,0,NA,0,0,0,0,0,0,0,0,0,0,0,0,0,0
NORD OUEST,WUM,0,0,0,0,0,0,0,0,0,0,0,0,0,0,0,0,0,0,0,0,0,0,0,0,0,0,0,0,0,0,0,0,0,0,0,0,0,0,0,0,0,0,0,0,0,0,0,0,0,0,0,0,0,0,0,0,0,0,0,0,0,0,0,0,0,0,0,0,0,0,0,0,0,0,0,0,0,0,0,0,0,0,0,0,0,0,0,0,NA,0,0,0,0,0,0,0,0,NA,NA,0,NA,0,NA,NA,0,0,0,0,0,0,0,0,0,0,0,0,0,0,0,0,0,0,0,0,0,0,NA,0,0,0,0,0,0,0,0,0,0,0,0,0,NA,0,0,0,0,0,0,0,0,NA,0,NA,0,NA,NA,NA,NA,0,0,0,0,0,0,0,0,NA,NA,0,0,0,0,NA,0,0,0,0,NA,0,0,0,0,0,0,0,0,NA,0,0,0,0,0,0,NA,0,0,NA,0,0,NA,0,0,0,NA,0,0,0,0,0
OUEST,BAFANG,0,0,0,3,4,5,6,8,6,4,7,0,0,4,9,0,0,4,3,10,7,0,3,8,8,10,0,9,3,4,1,3,0,0,3,3,0,3,0,3,5,3,1,1,0,5,11,6,0,0,NA,0,1,9,4,3,1,10,4,12,0,14,8,5,3,0,0,0,4,6,0,9,5,2,1,5,10,4,2,4,5,3,5,1,5,4,6,3,2,2,4,9,0,5,4,0,9,6,6,7,13,12,4,5,4,4,0,3,6,6,3,13,7,4,3,6,6,4,8,9,10,5,12,5,0,13,8,13,14,8,2,7,10,8,7,0,0,12,9,8,4,8,7,15,12,9,7,14,12,7,17,16,29,10,36,13,0,12,8,11,8,9,12,4,9,4,4,10,7,11,5,4,9,10,9,5,8,4,11,4,9,6,4,3,8,12,7,8,8,0,5,7,10,6,7,8,2,8,29,25,16,0,6,2,2,0,6,7
OUEST,BAHAM,0,0,0,0,0,0,0,0,0,0,0,0,0,0,2,NA,2,NA,NA,NA,NA,1,NA,0,1,1,NA,1,NA,2,0,1,2,0,0,1,2,3,1,2,3,1,2,2,4,0,8,4,0,0,3,1,6,7,11,5,4,3,1,1,3,0,2,1,0,0,2,5,1,0,1,0,0,0,0,0,0,0,0,0,0,2,0,3,0,0,0,1,0,NA,1,1,0,0,NA,1,4,10,9,2,3,NA,NA,NA,2,0,0,1,0,0,2,0,1,1,0,1,1,1,0,1,0,2,2,0,1,0,0,1,0,0,0,0,1,2,0,0,0,2,1,0,0,0,0,0,0,2,0,1,1,0,0,0,3,0,0,0,0,2,1,0,1,0,3,1,1,1,2,2,0,0,1,1,0,0,0,1,1,1,0,1,4,0,1,3,0,1,0,0,1,1,3,0,2,0,3,0,2,0,0,1,1,3,1,0,0,0,0,0
OUEST,BAMENDJOU,14,2,12,13,13,11,17,12,16,4,0,0,8,13,9,6,8,9,11,0,8,10,6,14,3,27,13,0,14,3,11,1,2,12,11,0,15,15,13,15,12,9,14,9,3,11,28,29,19,7,13,16,1,1,4,9,8,12,8,19,12,11,5,0,17,8,7,6,7,3,3,8,4,4,2,1,14,5,7,3,8,15,10,9,4,7,17,5,7,17,13,16,0,12,13,9,5,0,20,0,11,11,5,3,4,0,5,5,2,6,8,5,3,5,7,3,3,6,1,8,7,11,8,4,7,2,4,8,9,9,3,7,10,6,7,0,4,7,8,7,5,3,4,9,5,3,6,3,9,6,7,8,0,10,8,11,3,9,13,6,9,6,9,8,7,4,9,9,15,8,5,0,10,6,3,8,9,10,13,8,14,5,4,2,6,1,5,6,4,4,7,0,4,6,8,4,9,15,2,12,6,13,7,13,3,5,9,4
OUEST,BANDJA,0,0,1,0,0,0,4,0,0,0,0,0,2,0,0,0,0,0,1,1,0,0,0,0,0,0,0,2,0,1,0,0,0,0,0,0,0,0,0,1,0,0,0,0,0,0,0,0,0,0,0,0,0,0,0,0,0,0,0,0,0,0,0,1,0,0,0,0,0,0,0,0,0,0,1,0,0,0,0,0,0,2,0,0,2,1,0,0,0,0,0,0,0,0,0,1,0,0,0,0,0,0,0,0,0,0,0,0,0,0,1,1,0,0,0,2,4,0,0,0,0,0,0,0,0,0,0,0,0,0,0,0,0,0,0,0,0,0,0,0,0,0,0,0,0,0,0,0,0,1,2,0,0,0,0,0,0,1,0,0,0,0,0,2,0,0,1,0,0,0,0,0,0,0,0,0,0,1,0,0,0,0,1,0,1,0,0,0,0,0,0,0,0,0,0,0,0,0,1,2,1,0,1,0,0,0,0,0
OUEST,BANDJOUN,3,7,3,4,6,2,5,7,4,1,0,1,2,4,0,7,3,6,2,2,4,6,0,8,1,7,0,2,5,2,1,5,7,8,3,5,0,6,4,5,11,3,12,9,7,0,0,1,0,3,7,NA,3,8,0,0,0,0,0,0,9,9,0,2,17,0,6,9,10,10,4,10,0,2,2,1,0,0,5,1,7,5,1,0,6,0,0,6,9,5,10,4,2,13,6,1,6,6,2,0,2,4,10,5,10,12,11,3,8,3,4,0,2,0,7,0,1,0,8,10,4,6,1,6,7,3,3,0,5,0,4,5,3,5,2,5,2,0,0,1,0,0,0,0,0,0,0,0,0,3,0,0,1,5,0,0,2,0,2,0,0,0,0,6,10,1,0,5,2,4,4,1,0,0,0,6,7,6,13,7,8,5,0,2,4,4,3,5,0,1,2,8,0,0,0,0,0,6,5,1,10,1,6,1,2,7,9,10
OUEST,BANGANGTE,0,0,8,21,17,22,24,18,20,18,14,18,2,12,12,9,7,22,5,11,19,4,6,16,16,13,9,7,9,15,13,13,8,13,13,11,12,15,17,0,18,25,18,26,28,39,40,62,42,30,23,32,38,25,24,24,21,8,13,16,12,12,22,23,20,28,6,20,20,18,16,5,22,15,26,15,23,19,19,8,0,16,13,20,23,29,21,19,29,22,37,25,29,26,24,28,32,20,33,0,25,37,0,21,31,26,27,25,16,27,15,24,20,16,17,0,9,11,10,6,9,15,19,13,10,17,11,12,8,10,13,14,21,18,18,46,10,12,13,7,8,10,16,14,12,14,9,13,18,6,21,16,18,9,22,12,25,18,0,9,12,13,13,18,18,11,16,10,14,15,17,14,15,10,13,23,0,12,6,9,13,9,13,14,6,7,15,7,0,7,6,9,6,6,21,16,6,21,38,35,20,28,15,26,18,23,12,21
OUEST,BANGOURAIN,0,0,0,0,0,0,0,0,0,0,0,0,0,0,0,0,0,0,0,0,0,0,0,0,0,0,0,0,0,0,0,0,0,0,0,0,0,0,0,0,0,0,0,0,0,0,3,2,0,0,0,0,0,0,0,0,0,0,0,0,0,0,0,0,0,0,0,0,0,0,0,0,0,0,0,0,0,0,0,0,0,0,0,0,0,0,0,0,0,0,0,0,0,0,0,0,0,0,0,0,0,0,0,0,0,0,0,0,0,0,0,0,0,0,0,0,0,0,0,0,0,0,0,0,0,0,0,0,0,0,0,0,0,0,0,0,0,0,0,0,0,0,0,0,0,0,0,0,0,0,0,0,0,0,0,0,0,0,0,0,0,0,0,0,0,0,0,0,0,0,0,0,0,0,0,0,0,0,0,0,0,0,0,0,0,0,0,0,0,16,0,0,0,0,0,0,0,0,0,0,0,0,0,0,0,0,0,0
OUEST,BATCHAM,0,0,0,NA,0,NA,0,0,0,0,0,0,0,0,0,0,0,0,0,0,0,0,0,0,1,0,0,0,0,1,0,1,0,0,0,0,0,1,0,0,1,0,0,3,NA,5,1,1,0,0,0,1,0,0,3,1,2,0,1,1,0,1,0,1,1,1,0,0,1,1,1,0,0,0,0,0,0,1,1,0,1,0,1,1,1,0,0,0,0,2,1,3,0,0,1,0,0,0,NA,0,2,0,1,0,0,18,1,0,0,0,0,1,0,0,2,0,0,0,0,0,0,0,1,0,0,0,0,0,0,0,0,0,2,0,0,2,0,1,0,1,0,2,0,0,0,0,0,0,1,1,0,1,0,0,1,2,0,0,0,0,4,2,0,0,3,0,2,0,1,1,1,0,0,0,0,0,0,0,0,0,2,1,3,2,0,0,0,0,0,0,0,0,7,1,3,3,9,5,5,9,7,5,5,2,2,4,2,2
OUEST,DSCHANG,2,2,3,7,3,6,5,4,2,9,6,31,10,11,8,18,12,13,4,6,13,11,NA,5,8,15,8,14,19,26,8,19,15,22,9,8,9,10,19,30,25,22,33,34,23,36,17,29,14,NA,25,26,8,18,NA,36,13,11,37,35,35,30,26,23,30,30,25,44,22,32,12,10,33,18,23,39,28,11,24,5,17,4,17,18,7,23,6,33,13,29,37,59,27,40,8,47,16,0,40,0,41,27,28,28,29,33,19,9,35,31,27,27,36,8,8,0,25,30,13,6,19,26,16,22,18,11,13,6,24,23,36,7,20,33,4,19,20,18,8,26,0,10,22,7,28,0,31,32,26,40,47,32,53,39,14,5,42,22,20,58,41,9,15,25,39,25,8,21,30,21,25,22,5,0,4,19,19,8,20,13,4,19,16,25,19,27,25,39,5,7,20,20,21,25,39,36,24,43,44,50,70,14,15,22,26,33,13,0
OUEST,FOUMBAN,0,0,0,0,0,9,0,16,0,6,2,2,9,0,5,2,3,0,0,0,8,6,0,5,9,0,0,10,0,2,0,7,1,10,3,2,2,1,3,3,0,5,12,NA,5,3,3,0,0,11,9,9,8,20,38,39,1,2,0,3,2,8,9,8,7,1,11,2,7,2,4,5,7,5,0,6,17,13,8,0,6,5,12,16,3,4,8,6,7,4,5,13,0,20,15,1,2,12,18,6,0,3,5,3,0,6,2,0,0,3,7,7,0,9,0,7,0,9,0,0,11,4,6,7,11,0,5,6,5,0,0,4,7,7,4,0,0,1,0,13,24,2,2,15,1,10,7,5,15,0,5,11,0,5,0,9,23,0,6,0,0,9,12,6,2,4,11,5,4,3,20,2,12,2,10,12,0,6,6,21,3,0,0,0,8,3,3,0,1,9,2,2,2,10,3,8,26,13,7,8,8,8,5,1,9,4,3,11
OUEST,FOUMBOT,2,0,0,3,1,5,1,7,2,3,1,0,0,0,0,0,2,0,2,0,0,5,0,0,0,1,0,0,4,0,2,1,0,2,0,0,0,2,0,0,1,0,2,NA,0,3,5,1,0,1,0,0,0,0,0,2,3,1,2,1,0,0,2,7,0,1,1,0,0,1,1,0,1,0,0,0,0,0,0,0,0,0,0,2,3,0,1,1,0,0,0,1,0,2,2,0,6,3,5,6,4,0,0,0,1,5,5,5,0,2,1,3,0,0,0,8,6,0,0,2,1,0,2,3,2,2,1,0,5,2,0,1,0,2,1,2,5,0,0,0,2,0,2,1,0,3,0,3,6,5,5,2,0,2,0,0,0,0,0,0,0,2,0,4,0,0,0,3,0,4,4,0,2,0,2,4,0,3,14,0,0,0,3,3,6,2,1,0,1,2,1,1,1,0,0,1,2,4,3,14,7,11,9,13,14,18,18,17
OUEST,GALIM,0,0,2,2,0,1,2,2,1,2,0,0,0,0,0,0,0,0,0,0,0,0,0,1,0,0,0,0,0,0,0,0,0,0,0,0,NA,NA,0,0,0,0,0,1,0,0,0,0,0,0,0,NA,0,0,0,0,0,0,0,0,0,0,0,0,0,0,0,0,0,0,0,0,0,0,0,0,0,0,0,0,0,0,0,0,NA,NA,0,0,0,0,0,0,0,0,0,0,0,0,0,0,0,0,0,0,0,0,0,0,0,1,0,0,0,0,0,0,0,0,0,0,0,0,0,0,0,0,0,0,0,0,0,0,0,0,0,0,0,0,0,0,0,0,0,0,0,0,0,0,0,0,0,0,0,0,0,2,0,0,0,0,0,0,0,0,0,0,0,0,0,0,0,0,0,0,0,0,0,0,0,0,0,0,0,0,0,0,0,0,0,0,0,0,0,0,0,0,0,0,0,0,0,0,0,0,0,0,0,0
OUEST,KEKEM,3,2,0,1,0,0,0,0,0,1,1,1,2,0,1,0,2,1,0,2,1,3,0,1,0,1,2,1,4,0,3,0,2,1,0,0,3,2,1,2,1,1,1,0,5,0,0,2,0,4,6,2,0,0,0,1,0,0,0,0,0,3,1,2,0,0,1,1,3,1,0,0,0,0,0,0,0,0,0,1,0,0,0,0,0,0,0,0,2,0,0,0,2,0,0,1,0,0,NA,0,2,1,0,0,0,0,0,1,1,2,4,2,3,0,0,0,0,0,1,0,0,0,1,0,0,0,0,0,0,0,0,0,0,0,0,0,0,0,0,0,0,0,0,0,0,0,0,0,0,0,1,0,0,0,0,0,0,0,2,0,6,3,0,0,2,4,3,0,0,0,4,1,0,0,0,0,1,0,0,0,0,0,0,0,0,5,0,0,0,2,0,0,3,2,4,3,1,1,0,0,4,7,1,2,0,1,0,1
OUEST,KOUOPTAMO,0,0,2,0,0,1,0,0,0,0,0,0,0,0,0,0,0,0,NA,0,0,0,0,0,0,0,0,0,0,0,0,3,3,0,1,NA,2,NA,0,4,NA,NA,NA,0,0,2,0,3,NA,4,1,0,5,3,NA,0,3,0,0,0,0,0,0,2,4,3,0,0,0,1,0,0,0,0,0,0,4,1,0,0,0,0,7,1,0,0,0,1,0,NA,0,0,0,2,2,2,1,0,5,0,3,0,1,1,0,0,1,2,0,0,0,0,0,2,0,0,0,0,0,0,0,0,0,0,0,0,0,0,0,0,0,0,0,0,0,0,0,0,0,0,0,0,0,0,0,0,0,0,0,0,0,0,0,0,0,0,0,0,0,0,0,0,0,0,0,0,0,0,0,0,0,0,0,0,0,0,0,0,0,0,0,0,0,0,0,0,0,0,0,0,0,0,0,0,0,0,0,0,0,0,0,0,0,0,0,0,0,0
OUEST,MALENTOUEN,0,0,0,0,2,0,0,2,0,2,0,0,0,0,0,0,0,0,0,0,0,0,0,0,7,0,0,0,0,0,0,0,0,0,0,0,3,0,0,0,0,6,4,NA,NA,0,0,2,5,4,6,NA,3,8,4,3,2,3,2,6,0,0,0,4,2,0,0,0,0,0,0,0,0,0,0,0,0,0,0,0,4,2,6,4,0,0,3,1,2,0,0,NA,0,0,0,4,2,6,6,6,NA,NA,NA,3,NA,4,4,0,2,8,3,2,2,2,2,0,0,0,0,0,0,0,0,0,0,0,2,0,0,0,0,0,0,0,0,0,0,0,0,0,0,0,0,0,0,2,0,4,0,7,0,4,0,0,4,0,0,0,0,0,2,3,10,6,2,0,8,10,0,0,0,0,0,0,0,4,0,0,0,0,0,0,0,0,1,2,1,2,0,0,0,0,2,0,0,0,6,0,2,0,2,2,0,0,0,0,0,0
OUEST,MASSANGAM,1,0,0,0,0,0,0,0,0,0,0,0,0,0,0,0,0,1,0,0,0,0,0,NA,NA,NA,0,0,NA,NA,NA,NA,0,0,0,0,NA,0,0,0,1,3,NA,NA,0,0,0,0,0,NA,0,0,2,1,0,0,0,0,0,0,0,0,0,1,0,0,0,1,0,0,1,0,0,0,1,0,2,0,0,0,0,0,0,1,0,0,0,0,0,0,0,0,0,5,0,0,0,0,0,0,0,0,0,0,0,0,0,0,0,0,0,0,0,0,0,0,0,0,0,0,0,0,2,0,0,0,0,0,0,0,0,0,0,0,0,0,0,0,0,0,0,0,0,0,2,10,6,6,6,5,2,0,4,15,6,10,0,0,0,0,0,0,0,0,0,0,0,0,0,0,0,0,0,0,0,0,0,0,0,0,0,0,0,0,0,3,0,0,0,0,0,0,0,0,0,0,0,0,0,0,0,0,0,0,0,0,0,0
OUEST,MBOUDA,1,9,6,3,5,1,1,3,2,0,0,10,0,0,3,0,57,0,0,0,0,1,0,3,0,0,0,0,2,0,0,0,0,0,0,4,3,0,0,2,2,1,3,NA,6,7,6,6,18,7,9,6,3,10,4,6,2,22,17,0,4,4,11,1,7,2,6,4,5,3,2,5,3,3,7,5,1,1,4,0,5,2,1,0,1,2,1,2,11,2,2,3,3,2,0,0,6,0,6,7,3,4,0,0,1,1,0,1,4,0,6,14,2,1,2,2,0,0,0,33,3,3,2,2,0,0,4,1,0,3,7,4,4,2,1,2,3,0,1,0,5,5,2,5,0,6,5,2,0,4,13,24,5,11,13,4,29,18,12,11,24,24,7,12,9,9,6,8,5,6,3,0,3,3,4,13,14,2,4,3,3,4,2,1,2,1,0,3,5,9,6,7,7,0,2,9,9,7,25,16,36,11,9,1,13,7,10,22
OUEST,MIFI,5,8,14,15,16,0,1,16,6,5,0,10,17,5,8,2,0,13,0,12,6,7,4,2,6,2,8,3,3,5,3,5,4,7,5,5,6,6,4,5,4,5,5,20,5,7,7,4,0,2,3,6,4,3,5,0,6,7,7,7,4,3,3,3,4,7,3,4,4,5,3,5,3,6,3,5,3,6,4,5,6,5,3,0,0,NA,0,0,0,2,4,3,0,4,8,13,4,12,6,12,5,1,0,2,3,3,2,2,5,1,0,0,4,3,2,4,5,2,4,4,5,7,0,5,0,0,3,4,7,0,1,0,5,2,0,2,2,2,0,5,0,3,2,3,0,4,0,0,1,0,0,0,5,8,0,6,9,5,5,6,7,5,11,3,2,2,4,5,3,8,10,20,3,2,4,9,8,9,19,3,5,0,1,4,3,1,10,0,0,0,0,0,0,0,12,0,9,5,13,13,8,25,21,3,13,22,13,15
OUEST,PENKA MICHEL,0,0,0,0,0,2,0,1,1,0,0,2,0,0,0,0,0,0,1,0,0,0,0,0,0,0,0,0,0,0,0,0,0,0,0,0,0,0,0,0,0,2,3,5,0,0,2,7,2,0,2,1,0,0,0,0,2,0,0,0,0,0,1,2,0,1,0,0,0,4,0,0,0,0,0,2,0,0,0,0,0,0,0,1,0,1,0,0,1,0,3,0,1,0,0,0,0,0,NA,0,0,3,0,0,0,0,1,0,1,1,0,1,0,0,0,0,1,2,0,0,0,0,0,0,1,0,0,0,0,0,3,0,0,0,0,0,0,0,0,4,0,0,0,0,0,0,0,0,0,4,1,0,0,1,3,0,4,3,0,0,2,1,0,3,1,0,0,2,0,1,0,0,1,0,2,2,0,0,0,0,1,0,0,0,1,0,0,2,0,0,1,1,0,1,0,0,0,0,0,0,0,1,2,4,0,6,0,0
OUEST,SANTCHOU,3,0,1,0,2,1,1,0,0,1,0,0,1,1,0,0,0,0,0,0,0,1,0,1,1,0,0,0,0,0,0,0,0,0,0,0,0,0,0,0,0,1,1,2,0,0,0,2,0,0,0,2,2,1,2,0,2,2,0,0,0,0,0,0,0,0,2,1,0,0,0,0,0,1,0,0,0,1,0,0,0,0,1,1,0,0,0,1,0,1,0,0,0,0,0,0,1,1,2,1,1,1,0,0,1,0,2,0,5,2,2,0,1,0,0,4,9,6,0,2,0,10,0,0,0,0,0,4,1,0,0,2,1,5,3,3,1,2,2,1,2,2,2,0,5,0,4,2,4,4,2,6,3,0,0,3,5,6,2,3,0,4,5,3,4,6,2,4,4,3,2,4,0,3,4,1,3,2,2,1,4,2,2,1,4,1,1,0,0,2,0,0,1,2,1,1,2,7,2,0,1,1,0,2,2,1,4,3
SUD,AMBAM,27,10,3,8,5,7,5,8,2,10,3,17,4,6,5,7,7,0,5,2,4,6,1,13,14,0,1,2,5,3,7,5,5,3,1,7,1,11,6,3,1,3,6,4,9,17,24,6,10,17,7,2,4,12,13,4,27,18,0,2,1,2,2,9,0,5,9,10,0,8,11,19,3,2,13,13,20,3,6,2,4,9,12,18,6,14,16,18,10,6,22,13,25,30,10,14,14,16,17,10,2,11,9,7,7,0,11,1,8,6,12,13,1,2,12,9,3,9,9,10,11,9,10,9,20,5,17,0,10,11,10,9,21,10,14,15,3,18,10,6,6,4,12,15,23,1,17,26,15,18,15,18,8,17,26,27,26,18,11,16,8,14,16,6,5,16,9,7,21,24,8,13,14,11,18,18,3,9,22,14,9,9,8,13,6,6,3,12,0,12,7,8,11,11,6,5,3,8,13,8,10,13,6,18,4,6,18,NA
SUD,DJOUM,7,1,2,3,2,0,1,1,2,1,0,4,3,2,2,2,13,2,5,3,2,1,0,3,4,8,3,7,9,5,6,0,5,6,11,7,4,6,9,3,7,6,4,6,6,5,4,11,3,5,0,1,2,5,10,6,10,5,11,6,8,10,3,14,18,6,6,8,9,7,4,14,8,14,13,16,9,6,11,11,9,8,3,1,1,1,4,11,4,11,10,0,0,2,10,12,2,7,7,1,0,0,6,11,9,1,3,12,8,4,2,8,2,0,4,16,4,0,6,6,2,8,0,3,3,11,5,3,0,0,2,1,8,12,3,0,4,6,1,0,1,4,3,0,0,3,4,0,2,3,18,18,15,3,17,NA,NA,22,31,20,20,20,17,26,27,15,2,6,10,9,14,9,10,2,1,27,12,17,2,7,4,2,5,5,5,5,4,2,5,3,0,5,1,2,2,1,0,1,5,8,0,3,1,1,3,1,1,1
SUD,EBOLOWA,1,3,0,0,4,0,0,0,0,1,1,2,0,4,0,4,7,1,1,8,0,6,4,2,8,0,17,16,0,0,8,0,3,2,8,1,0,0,0,0,0,0,16,13,32,32,10,39,17,9,5,1,0,5,7,16,5,0,29,7,4,3,11,9,21,18,10,8,5,32,0,10,10,18,2,10,15,5,11,5,6,5,15,0,0,0,18,0,0,0,1,31,28,31,13,60,10,36,22,10,1,2,1,5,16,16,21,14,15,8,11,1,0,17,1,0,9,3,5,8,2,0,0,2,0,3,15,10,2,5,2,7,0,1,9,0,0,3,0,0,0,1,2,1,0,1,5,8,11,16,21,34,3,48,0,NA,NA,28,26,41,20,18,27,29,14,13,14,28,18,8,53,9,9,13,3,9,8,6,17,2,3,2,17,6,10,9,11,3,0,3,2,3,11,5,18,11,15,4,14,33,23,7,15,15,13,5,14,NA
SUD,KRIBI,126,16,104,78,17,79,2,16,7,27,32,12,14,19,13,21,26,27,21,31,21,25,0,18,18,21,25,29,25,33,22,0,21,31,33,35,33,33,35,18,18,33,33,17,0,13,2,25,25,31,19,27,21,35,47,19,23,37,31,31,44,29,11,17,21,27,21,22,28,31,21,24,21,21,27,22,16,19,21,2,1,19,27,33,23,23,22,21,21,17,21,21,33,27,26,4,24,16,2,3,0,31,19,23,0,26,1,0,21,21,16,0,15,25,19,31,15,0,37,31,33,29,29,33,19,50,17,33,21,31,33,28,34,27,34,49,42,55,46,39,44,37,37,31,23,31,33,27,39,26,23,23,36,33,31,29,33,39,37,29,35,35,23,26,31,37,29,31,19,25,27,19,24,21,23,31,27,30,25,25,19,21,17,7,15,15,5,11,7,7,13,9,13,0,9,3,9,13,11,11,9,13,7,9,15,17,17,12
SUD,LOLODORF,1,2,3,1,3,4,1,1,1,2,1,0,1,0,0,0,2,0,0,0,0,0,0,0,0,0,0,0,0,3,0,0,0,0,0,0,0,0,0,0,0,0,3,0,0,0,0,0,0,0,0,NA,0,0,0,0,0,0,0,0,2,0,0,0,0,0,0,1,0,2,0,0,0,2,0,3,1,1,0,0,0,0,1,1,0,0,4,0,0,0,0,0,0,0,0,11,0,0,0,0,0,0,0,NA,NA,0,0,2,3,3,0,0,0,5,0,0,0,0,0,0,0,9,0,0,0,17,7,9,7,7,0,4,8,0,0,0,0,0,3,1,0,0,0,0,1,0,0,0,6,2,0,0,0,0,NA,NA,NA,2,0,0,0,5,1,2,0,1,0,0,2,1,1,0,0,1,0,5,NA,0,0,0,0,0,0,0,0,0,0,0,0,0,3,1,0,0,0,0,0,0,1,1,0,0,1,0,0,0,0,0
SUD,MEYOMESSALA,14,7,5,18,0,10,15,16,8,13,7,11,8,0,0,4,9,12,5,3,1,2,12,4,13,12,4,6,17,14,5,8,5,7,7,4,5,7,0,0,6,0,10,9,20,10,9,9,5,5,0,0,0,0,0,0,0,4,5,2,1,6,1,12,9,4,9,16,7,7,14,9,20,23,4,14,6,17,0,2,0,0,5,5,2,9,14,4,3,18,17,4,16,14,13,0,0,0,0,13,9,12,12,18,8,11,10,25,16,8,15,11,11,13,10,13,11,18,11,7,14,16,8,8,3,11,11,18,15,16,17,19,11,11,18,12,0,2,4,3,0,7,5,16,11,7,18,10,5,6,12,11,10,18,15,14,16,5,14,16,9,5,7,16,31,19,4,18,12,8,9,1,7,7,12,4,16,22,20,10,12,16,18,6,6,6,16,3,16,16,22,6,17,6,11,2,2,9,9,13,12,13,7,20,9,6,2,0
SUD,MVANGAN,0,0,0,0,0,0,0,0,0,0,0,0,0,2,2,2,2,2,5,2,2,NA,0,5,3,1,1,9,3,4,4,1,1,1,0,0,0,2,2,2,4,0,0,0,NA,NA,NA,NA,NA,NA,NA,NA,9,7,0,10,0,0,0,0,1,1,3,4,6,0,0,3,0,10,2,0,NA,0,0,1,0,2,0,4,0,0,3,0,0,0,0,0,0,0,4,0,0,0,NA,0,0,0,0,2,0,0,0,0,0,23,6,4,12,0,1,0,1,2,1,0,0,9,1,7,9,7,14,1,6,4,8,0,5,15,17,0,1,0,0,1,0,0,0,2,1,0,0,0,0,0,0,0,0,0,0,0,0,NA,NA,NA,NA,15,8,9,10,10,6,8,14,5,7,10,10,7,4,1,3,6,6,4,1,13,6,4,3,2,0,1,4,1,5,0,0,1,1,1,8,11,1,7,13,9,4,13,4,2,1,4,4,0,0,NA
SUD,OLAMZE,6,5,1,3,3,4,3,4,6,6,1,2,4,1,2,3,2,3,4,7,4,3,1,3,2,2,8,2,1,5,2,1,7,2,1,3,7,2,2,5,1,2,0,0,3,5,1,3,7,2,0,3,1,8,6,2,5,0,3,2,2,2,0,0,2,0,4,4,13,4,0,1,3,1,3,5,1,0,0,1,3,1,1,0,1,3,0,0,1,2,1,3,0,2,2,12,4,5,2,1,1,7,0,3,8,4,4,2,3,0,6,1,6,0,0,6,0,2,6,2,3,2,1,7,6,4,13,9,1,3,4,9,1,4,6,5,5,4,2,0,2,3,7,7,5,0,9,8,13,5,7,3,6,1,0,4,3,6,7,13,6,1,8,0,5,1,10,3,1,2,2,4,3,2,0,2,1,2,1,2,3,10,8,5,7,3,4,5,3,7,2,4,5,2,2,5,8,9,2,3,5,1,5,7,4,3,NA,NA
SUD,SANGMELIMA,9,2,28,16,3,1,3,2,3,0,4,9,4,6,2,3,5,0,6,0,1,1,0,0,0,1,1,0,3,1,1,3,0,6,1,6,5,20,12,5,13,14,10,7,17,8,11,6,13,14,11,6,7,16,15,20,5,1,6,12,7,2,9,3,5,2,9,6,4,4,7,5,2,4,9,4,7,1,10,4,1,4,3,0,2,2,4,3,6,4,0,13,17,19,13,12,14,12,10,8,9,17,6,10,16,24,15,6,28,6,12,14,4,6,5,4,4,8,6,5,9,6,2,2,7,9,9,9,13,4,3,5,13,10,5,4,0,3,0,2,2,4,3,3,8,4,8,4,8,5,4,12,6,5,11,8,2,7,13,15,7,2,12,10,5,5,15,9,2,4,11,6,6,6,9,5,8,2,1,7,10,1,5,6,2,4,10,0,2,3,0,3,5,3,2,6,3,9,10,15,8,20,12,6,7,3,13,1
SUD,ZOETELE,0,3,1,0,0,0,0,0,0,3,3,1,3,1,0,0,0,0,0,0,0,3,0,3,4,0,0,0,0,5,0,0,0,5,1,6,0,7,6,0,1,4,0,4,0,4,7,4,2,0,0,6,5,2,6,2,20,6,7,4,6,3,5,5,5,3,7,3,7,4,11,5,1,3,1,5,6,3,0,2,0,0,1,1,2,4,1,4,0,7,6,0,6,7,6,7,2,1,1,5,3,0,0,0,8,3,5,4,7,8,8,6,3,3,3,5,4,4,4,4,8,6,8,8,6,17,5,10,18,9,17,12,8,7,6,6,1,5,7,13,5,7,6,2,7,4,5,8,0,2,6,4,5,1,0,7,5,8,5,7,6,4,11,5,7,5,6,2,10,7,7,9,8,4,5,13,5,5,1,3,3,6,16,5,3,7,9,7,6,7,0,0,4,2,6,1,3,7,3,3,3,0,4,5,0,5,5,5
SUD OUEST,AKWAYA,0,3,0,0,0,0,0,0,0,0,0,0,0,0,0,0,0,0,0,0,0,0,0,NA,0,3,5,0,0,0,0,5,6,3,0,4,2,0,0,0,0,0,0,0,6,0,6,3,8,6,3,NA,8,4,6,4,6,0,10,5,3,10,10,8,10,6,8,0,0,0,0,0,0,8,15,9,11,6,2,0,9,0,0,9,5,5,5,4,6,2,5,6,8,2,0,0,5,5,5,5,0,3,0,9,0,0,14,9,9,11,8,6,8,8,4,10,6,3,0,0,6,4,4,2,3,4,10,0,3,3,1,0,0,9,6,9,4,12,8,11,8,11,11,15,13,12,12,14,0,14,9,12,11,NA,13,12,0,14,9,12,11,9,14,11,12,10,9,11,3,9,13,11,13,9,11,12,13,9,10,9,12,11,13,13,11,NA,12,11,2,11,11,13,12,13,11,NA,0,9,0,0,0,0,0,13,15,11,8,14
SUD OUEST,BAKASSI,3,1,0,1,2,0,0,0,0,0,0,4,2,1,2,2,3,2,2,3,3,2,1,1,0,3,0,2,1,4,1,2,0,2,0,1,3,1,2,2,3,2,2,3,1,1,2,3,0,0,NA,NA,0,3,6,5,3,4,2,2,2,0,0,0,0,4,4,2,0,3,0,2,2,2,0,0,0,0,0,1,0,0,0,0,1,0,0,0,0,2,1,4,2,1,1,2,0,0,1,0,1,2,1,2,2,4,3,3,2,2,0,0,0,0,0,0,0,0,0,0,0,0,3,2,1,0,0,0,2,2,4,0,0,1,0,0,0,0,0,0,0,0,0,0,0,NA,NA,NA,0,0,0,0,NA,3,0,NA,NA,6,3,3,3,1,5,0,6,3,5,0,4,0,0,3,1,0,0,0,0,0,0,0,0,NA,0,0,NA,0,0,2,2,1,2,0,2,0,1,0,0,0,0,0,0,0,0,0,3,0,1,2
SUD OUEST,BANGEM,5,5,2,4,11,5,2,2,3,0,0,0,1,3,1,3,1,0,0,1,0,1,0,2,0,0,0,0,0,0,0,0,0,0,0,0,0,0,0,0,0,0,0,0,1,2,0,2,0,0,0,0,1,0,0,0,3,6,0,3,2,1,0,0,0,6,2,3,0,3,2,0,3,3,2,0,0,0,2,0,1,1,0,1,1,1,0,3,2,0,0,0,0,0,0,0,0,0,0,6,3,2,2,0,1,5,3,0,0,0,0,2,0,0,0,0,0,0,2,0,0,3,0,2,1,0,0,0,0,1,0,0,2,1,0,0,0,0,0,0,0,0,2,0,0,0,0,5,0,0,2,2,0,NA,NA,NA,NA,0,0,0,0,1,0,0,0,0,0,0,2,1,0,1,0,1,3,2,0,0,2,0,0,1,0,0,1,0,1,0,2,4,0,0,0,0,1,0,0,2,1,0,2,0,NA,2,NA,NA,NA,NA
SUD OUEST,BUEA,10,19,15,8,12,33,16,20,13,11,13,15,9,38,3,8,25,13,8,13,30,7,40,46,39,16,13,23,12,14,21,10,39,6,23,14,11,27,35,45,34,9,32,39,78,71,0,24,22,34,NA,NA,31,37,13,0,6,0,10,0,0,0,0,0,21,18,0,29,24,3,39,47,37,20,11,14,12,7,6,0,0,10,0,9,8,5,8,0,3,0,1,21,21,11,0,17,0,20,4,8,11,18,9,7,6,11,7,9,5,3,4,7,8,8,1,5,6,6,2,2,12,4,2,1,3,1,7,9,8,9,11,0,0,5,0,0,2,0,0,0,0,0,0,36,8,2,11,0,10,0,27,0,11,9,0,4,0,6,11,16,0,2,5,0,0,1,0,6,3,0,0,8,0,0,0,7,3,5,2,0,4,0,0,0,0,0,0,0,0,0,0,0,0,0,0,NA,0,0,0,15,3,0,0,0,0,0,0,0
SUD OUEST,EKONDO TITI,11,9,0,18,8,14,7,8,3,3,0,7,1,7,1,0,1,0,3,2,2,2,2,3,2,4,0,5,5,7,3,3,12,12,3,0,1,5,1,3,4,5,0,1,1,0,4,5,0,5,12,2,8,9,13,6,4,1,0,2,3,0,1,2,5,2,0,2,2,4,1,2,1,2,2,2,1,3,4,5,0,0,0,7,3,7,11,8,9,6,13,14,8,12,10,5,0,5,4,2,1,8,6,4,0,23,21,5,28,23,7,9,9,5,38,5,6,11,5,5,1,6,5,4,6,5,4,3,3,0,4,7,7,7,5,2,10,4,4,4,5,0,8,5,7,5,11,10,7,0,18,4,8,2,NA,0,0,44,15,13,4,7,3,3,4,2,3,0,4,4,3,0,4,6,4,5,2,5,1,5,0,1,2,5,6,7,6,2,8,10,6,1,7,9,8,13,13,11,6,16,6,20,11,11,9,14,0,6
SUD OUEST,EYUMODJOCK,4,4,5,8,0,1,2,2,4,0,0,4,7,3,3,0,0,0,1,1,2,0,4,6,1,2,0,1,1,4,5,4,2,2,1,0,2,2,1,6,6,10,0,3,3,2,14,0,5,0,1,NA,4,5,0,0,0,9,1,0,0,0,0,0,3,2,0,0,0,4,0,0,0,0,1,0,0,2,0,1,0,0,0,3,0,0,0,0,2,0,0,0,0,0,0,0,0,0,0,0,0,0,0,0,0,0,0,0,0,0,1,0,0,0,0,0,0,0,0,0,0,0,0,0,0,0,3,0,0,0,2,2,8,2,0,0,0,1,0,0,0,0,2,0,0,0,0,0,0,0,0,2,0,1,0,3,0,0,0,0,0,1,2,0,0,0,1,0,2,1,0,0,1,1,1,1,2,0,0,0,1,0,0,0,0,NA,0,0,0,2,0,0,0,NA,0,0,0,0,0,0,0,0,0,0,0,0,10,0
SUD OUEST,FONTEM,4,2,1,3,2,1,0,0,3,2,0,0,4,2,1,4,8,0,0,0,0,5,2,3,0,5,1,7,6,2,0,4,2,9,0,4,3,2,6,13,7,14,0,5,2,6,3,4,10,0,0,7,14,5,10,3,0,6,0,3,2,5,2,10,1,4,7,8,4,3,4,4,2,0,5,1,2,2,6,3,5,6,0,0,4,2,5,4,1,0,0,0,0,0,2,0,0,0,0,0,0,0,0,9,2,2,0,0,1,0,0,1,0,0,0,0,0,0,0,0,0,0,0,0,0,0,0,0,0,0,12,0,0,0,0,0,0,0,0,0,0,0,0,0,0,0,0,0,3,0,0,0,0,0,0,5,0,0,0,0,1,0,0,1,0,0,0,0,2,0,0,0,0,0,0,0,0,0,0,0,0,0,0,0,0,0,0,0,1,0,0,0,0,0,0,0,0,0,0,0,0,0,0,0,0,0,0,0
SUD OUEST,KONYE,7,13,14,13,0,12,9,11,7,0,0,9,9,9,11,6,0,11,9,11,11,10,9,0,0,0,0,0,0,0,7,9,7,6,10,11,13,14,11,0,0,12,11,9,10,12,NA,NA,NA,NA,NA,NA,10,0,12,13,13,6,11,9,11,13,5,9,11,13,9,10,13,12,13,13,11,11,9,12,13,11,8,11,9,10,NA,9,9,11,11,12,9,8,9,9,11,11,12,9,9,8,7,11,7,12,10,14,9,10,13,13,14,16,12,9,12,14,11,13,11,13,13,13,0,12,13,10,9,11,13,13,9,17,0,14,11,16,13,11,13,9,13,15,14,0,12,9,7,7,5,4,6,6,3,NA,0,0,NA,5,0,0,3,0,6,8,6,3,3,6,4,0,3,5,0,0,0,0,0,0,0,0,0,0,0,0,0,0,0,0,0,NA,0,0,NA,NA,NA,0,0,0,0,0,0,0,0,0,0,0,0,0,0,0
SUD OUEST,KUMBA,13,11,1,1,19,5,2,5,0,0,6,0,10,4,3,0,6,14,7,2,2,2,9,9,6,36,4,0,39,27,5,29,28,75,78,21,9,21,9,26,15,155,30,34,29,13,7,62,30,13,13,NA,57,24,11,16,6,0,0,2,5,5,3,4,29,4,9,1,3,1,21,28,21,19,0,0,10,9,6,0,16,0,0,13,8,15,9,7,12,4,22,17,10,9,12,16,10,6,2,0,0,0,0,0,0,0,0,20,0,0,4,0,13,26,7,4,5,5,6,8,4,6,0,10,10,12,8,6,0,0,6,0,0,22,21,23,20,28,51,22,14,23,8,17,2,2,4,0,4,0,0,0,1,2,0,21,0,0,0,8,7,7,15,9,10,8,2,6,2,0,5,3,7,24,3,2,5,12,4,8,2,45,23,0,12,8,7,NA,0,0,NA,NA,0,0,0,0,1,0,0,98,28,0,0,0,9,NA,NA,NA
SUD OUEST,LIMBE,18,35,73,99,62,34,77,55,51,12,0,6,7,0,39,4,32,6,27,28,70,8,84,38,82,98,47,92,0,6,88,85,87,38,13,14,0,85,82,85,89,87,191,132,35,83,13,36,96,34,0,0,7,104,81,7,7,1,22,11,18,0,3,5,26,40,1,32,0,0,31,0,67,0,0,5,31,14,16,21,14,34,0,50,44,16,25,9,0,0,37,44,27,15,19,16,0,7,25,30,25,40,22,16,14,51,51,13,14,80,65,31,15,0,30,2,27,68,65,24,23,63,16,66,102,84,77,76,33,30,17,84,70,17,79,10,11,11,27,12,51,48,35,4,54,70,67,71,0,55,72,76,21,74,43,47,0,79,19,71,76,53,48,32,42,60,42,30,38,52,13,10,11,16,18,4,11,20,15,10,6,15,10,10,21,34,23,32,16,7,40,20,17,9,21,18,24,50,117,102,50,62,63,41,66,64,48,0
SUD OUEST,MAMFE,18,17,13,10,9,7,9,22,20,13,13,15,10,9,7,0,2,0,7,19,17,8,5,10,3,8,7,8,8,3,0,6,19,23,4,6,4,10,12,28,16,21,25,26,9,15,32,13,8,8,13,6,33,27,14,7,3,0,0,0,2,6,9,0,2,4,3,10,10,10,2,5,19,9,9,0,8,1,1,3,0,5,0,8,16,16,7,11,3,18,8,9,12,13,13,15,0,6,6,4,6,6,4,15,4,13,10,59,40,10,14,21,34,14,3,12,17,12,10,13,5,14,10,196,6,7,8,11,2,2,12,14,36,4,11,6,1,7,5,28,3,4,12,20,3,28,3,9,21,10,10,4,6,3,6,8,0,0,4,1,6,6,0,0,1,2,5,4,6,13,10,2,6,8,6,5,1,3,4,2,4,2,2,0,3,8,5,1,0,3,NA,3,3,3,0,7,1,1,2,8,7,1,0,0,3,0,NA,NA
SUD OUEST,MBONGE,0,2,2,2,0,2,2,1,3,4,0,2,0,0,2,6,4,3,9,0,4,0,0,4,1,0,2,0,0,0,1,53,26,21,10,14,9,15,59,1,0,1,0,2,2,3,0,0,2,5,NA,NA,88,4,4,0,2,4,0,2,0,1,3,1,9,2,0,4,18,16,6,11,5,40,21,49,5,22,13,26,14,0,0,3,2,4,13,33,42,2,0,4,0,0,0,0,0,33,66,0,0,6,0,0,3,22,22,0,22,17,10,15,33,0,0,11,0,0,0,0,0,0,11,11,16,5,22,0,0,0,0,28,0,7,0,34,14,22,0,0,NA,12,21,NA,0,0,NA,0,0,5,0,NA,0,0,0,1,0,13,22,28,25,8,0,11,5,7,4,7,3,10,5,21,5,9,6,5,1,3,NA,1,1,0,6,2,3,7,1,2,0,1,3,0,0,4,0,2,0,1,4,0,0,0,0,0,0,0,0,NA
SUD OUEST,MUNDEMBA,3,0,3,1,4,0,5,3,8,2,1,1,0,4,0,0,0,7,0,1,3,5,2,2,0,2,0,3,0,0,0,2,3,0,0,0,2,0,2,2,1,0,2,0,0,2,2,3,1,2,NA,NA,0,0,0,0,4,0,1,0,3,1,1,0,0,0,1,0,0,0,0,0,1,0,0,0,0,1,0,0,3,0,0,0,0,0,0,0,0,0,0,0,0,0,1,0,0,0,0,0,0,0,0,0,0,0,0,0,0,0,0,0,0,0,0,0,0,0,2,0,2,0,2,2,1,0,0,0,0,0,1,0,0,0,0,0,0,0,0,0,0,1,0,0,NA,NA,0,0,7,0,0,0,NA,0,NA,NA,NA,0,0,0,0,0,0,0,0,0,0,0,1,0,0,0,0,0,0,0,0,0,0,NA,0,0,0,NA,NA,NA,0,0,0,0,NA,NA,NA,NA,0,0,0,NA,NA,2,NA,0,NA,0,NA,NA,0,NA
SUD OUEST,MUYUKA,3,25,35,22,30,1,1,4,0,0,27,2,1,29,1,0,13,18,20,15,25,0,5,19,4,17,30,7,36,26,8,1,5,32,17,32,18,16,73,37,11,32,0,19,10,9,48,29,10,5,15,NA,47,36,43,0,5,0,6,12,12,0,3,16,8,17,17,19,14,23,24,21,13,20,21,21,14,13,4,20,32,0,0,25,22,16,18,15,22,17,15,5,6,20,0,14,5,9,12,6,8,9,5,12,0,4,3,4,2,0,6,1,4,1,0,3,1,3,0,0,0,0,3,2,8,9,6,8,6,2,0,3,11,0,8,10,6,0,2,4,23,0,7,7,14,9,12,0,11,10,11,9,14,10,10,2,0,22,16,17,23,16,8,19,15,4,12,18,4,0,20,5,14,15,0,14,7,7,2,2,2,2,8,9,4,0,8,0,2,5,2,2,6,6,5,1,5,0,4,0,12,4,4,4,4,6,7,2
SUD OUEST,NGUTI,4,1,8,5,4,5,0,1,1,8,4,0,2,3,0,10,3,1,1,1,0,2,6,5,6,3,1,8,6,4,7,8,15,8,10,4,5,1,5,7,9,11,0,22,17,12,5,5,13,9,5,4,11,7,4,3,1,1,0,2,2,5,2,2,1,3,1,1,2,4,3,3,0,5,7,4,3,5,2,2,0,0,0,6,2,4,6,4,1,2,4,8,5,5,0,0,1,2,2,3,0,4,2,4,0,8,7,8,5,1,4,5,0,2,5,7,4,2,4,2,8,3,13,5,1,6,2,3,2,1,26,6,6,6,5,5,9,7,10,0,2,7,1,2,2,0,0,0,0,6,1,41,1,5,3,0,0,0,0,1,1,1,0,2,9,3,1,1,4,0,0,0,1,0,0,3,2,1,1,6,2,5,0,2,0,2,2,1,3,2,1,0,1,1,3,2,3,2,0,5,7,2,3,5,3,4,1,NA
SUD OUEST,TIKO,42,52,101,108,68,45,5,30,35,52,0,69,46,0,25,21,46,53,40,10,98,54,18,42,94,56,41,57,28,119,42,85,67,106,64,55,58,88,89,90,80,102,98,67,72,101,105,76,81,53,98,74,78,128,132,175,109,58,90,91,74,68,33,76,84,49,65,54,71,78,110,97,87,88,88,47,55,50,68,53,7,85,0,51,58,19,41,18,41,75,37,12,84,93,0,0,0,66,41,34,18,18,52,50,12,65,53,55,0,60,30,46,16,53,33,45,42,38,54,67,62,113,52,39,66,73,71,33,52,73,64,50,89,96,79,35,52,49,46,61,54,49,61,87,74,48,72,90,56,59,73,44,68,53,0,35,59,76,48,69,75,71,78,79,40,81,63,79,68,74,55,50,62,62,63,59,53,87,55,66,57,47,49,43,60,95,100,74,67,79,116,59,57,78,86,74,63,52,59,88,0,83,73,60,79,90,79,0
SUD OUEST,TOMBEL,0,0,0,0,0,0,0,0,0,0,0,0,0,0,0,0,0,0,0,0,3,1,1,0,0,0,0,5,1,0,0,0,1,0,0,0,6,6,0,0,6,0,3,2,0,1,1,0,NA,NA,NA,NA,2,2,0,0,2,0,0,2,0,6,0,0,1,0,2,0,0,6,7,5,6,2,1,3,3,3,0,3,4,3,0,0,4,1,1,0,0,1,2,2,0,0,0,11,0,0,4,0,0,2,4,0,1,1,2,0,3,2,0,0,3,4,3,3,4,0,3,0,2,0,4,2,4,3,2,1,0,1,0,0,0,3,0,0,0,0,0,0,0,0,0,0,2,1,2,0,0,1,2,11,0,2,0,0,0,2,0,2,2,2,2,1,0,1,0,0,1,2,1,0,1,1,1,0,0,1,1,0,0,14,0,0,1,1,0,0,0,0,0,2,1,0,0,0,0,1,1,0,0,0,0,0,0,0,0,0
SUD OUEST,WABANE,2,0,0,0,0,2,2,1,0,1,5,0,0,0,16,24,14,0,15,2,3,6,3,0,0,0,0,0,0,2,0,0,0,0,0,1,6,8,0,7,0,1,0,0,NA,NA,NA,NA,NA,NA,NA,NA,0,0,0,0,0,0,0,0,0,0,0,0,0,0,0,2,0,0,0,0,0,0,0,0,5,4,3,0,0,0,0,0,0,0,0,0,0,0,0,0,0,0,0,0,0,0,0,0,0,0,0,0,0,0,0,0,0,0,0,0,0,0,0,0,0,0,0,0,0,0,0,0,0,0,0,0,0,0,0,0,0,0,0,0,0,0,0,0,0,0,0,0,0,0,0,0,0,0,0,NA,0,NA,0,0,0,0,0,0,0,0,0,0,0,0,0,0,0,0,0,0,0,0,0,0,0,0,0,0,0,0,0,0,0,0,0,NA,0,0,NA,0,0,0,0,0,0,NA,NA,NA,0,NA,NA,0,0,NA,NA,NA
